idx,gold,pred_raw,pred,raw_response
0,background,background,background,"{""label"": ""background""}"
1,result,result,result,"{""label"": ""result""}"
2,background,background,background,"{""label"": ""background""}"
3,method,method,method,"{""label"": ""method""}"
4,background,method,method,"{""label"": ""method""}"
5,method,method,method,"{""label"": ""method""}"
6,result,background,background,"{""label"": ""background""}"
7,result,result,result,"{""label"": ""result""}"
8,background,background,background,"{""label"": ""background""}"
9,method,background,background,"{""label"": ""background""}"
10,background,background,background,"{""label"": ""background""}"
11,background,result,result,"{""label"": ""result""}"
12,result,background,background,"{""label"": ""background""}"
13,result,background,background,"{""label"": ""background""}"
14,method,result,result,"{""label"": ""result""}"
15,background,method,method,"{""label"": ""method""}"
16,method,method,method,"{""label"": ""method""}"
17,result,result,result,"{""label"": ""result""}"
18,background,background,background,"{""label"": ""background""}"
19,method,method,method,"{""label"": ""method""}"
20,method,method,method,"{""label"": ""method""}"
21,background,background,background,"{""label"": ""background""}"
22,background,background,background,"{""label"": ""background""}"
23,method,method,method,"{""label"": ""method""}"
24,background,method,method,"{""label"": ""method""}"
25,background,background,background,"{""label"": ""background""}"
26,result,result,result,"{""label"": ""result""}"
27,background,background,background,"{""label"": ""background""}"
28,background,result,result,"{""label"": ""result""}"
29,result,result,result,"{""label"": ""result""}"
30,method,method,method,"{""label"": ""method""}"
31,background,background,background,"{""label"": ""background""}"
32,method,method,method,"{""label"": ""method""}"
33,background,background,background,"{""label"": ""background""}"
34,result,result,result,"{""label"": ""result""}"
35,background,background,background,"{""label"": ""background""}"
36,background,background,background,"{""label"": ""background""}"
37,method,background,background,"{""label"": ""background""}"
38,background,method,method,"{""label"": ""method""}"
39,background,background,background,"{""label"": ""background""}"
40,background,background,background,"{""label"": ""background""}"
41,method,background,background,"{""label"": ""background""}"
42,background,background,background,"{""label"": ""background""}"
43,method,background,background,"{""label"": ""background""}"
44,background,result,result,"{""label"": ""result""}"
45,background,method,method,"{""label"": ""method""}"
46,background,result,result,"{""label"": ""result""}"
47,method,method,method,"{""label"": ""method""}"
48,background,background,background,"{""label"": ""background""}"
49,method,method,method,"{""label"": ""method""}"
50,background,background,background,"{""label"": ""background""}"
51,method,method,method,"{""label"": ""method""}"
52,result,background,background,"{""label"": ""background""}"
53,method,method,method,"{""label"": ""method""}"
54,background,background,background,"{""label"": ""background""}"
55,background,background,background,"{""label"": ""background""}"
56,background,background,background,"{""label"": ""background""}"
57,background,background,background,"{""label"": ""background""}"
58,background,background,background,"{""label"": ""background""}"
59,method,background,background,"{""label"": ""background""}"
60,method,method,method,"{""label"": ""method""}"
61,method,method,method,"{""label"": ""method""}"
62,background,background,background,"{""label"": ""background""}"
63,method,method,method,"{""label"": ""method""}"
64,method,method,method,"{""label"": ""method""}"
65,method,method,method,"{""label"": ""method""}"
66,result,result,result,"{""label"": ""result""}"
67,method,method,method,"{""label"": ""method""}"
68,method,method,method,"{""label"": ""method""}"
69,background,background,background,"{""label"": ""background""}"
70,method,method,method,"{""label"": ""method""}"
71,background,background,background,"{""label"": ""background""}"
72,background,background,background,"{""label"": ""background""}"
73,method,method,method,"{""label"": ""method""}"
74,background,background,background,"{""label"": ""background""}"
75,background,background,background,"{""label"": ""background""}"
76,background,background,background,"{""label"": ""background""}"
77,background,background,background,"{""label"": ""background""}"
78,method,method,method,"{""label"": ""method""}"
79,background,background,background,"{""label"": ""background""}"
80,method,method,method,"{""label"": ""method""}"
81,method,method,method,"{""label"": ""method""}"
82,background,background,background,"{""label"": ""background""}"
83,background,method,method,"{""label"": ""method""}"
84,background,background,background,"{""label"": ""background""}"
85,background,background,background,"{""label"": ""background""}"
86,background,background,background,"{""label"": ""background""}"
87,background,background,background,"{""label"": ""background""}"
88,background,background,background,"{""label"": ""background""}"
89,background,method,method,"{""label"": ""method""}"
90,method,method,method,"{""label"": ""method""}"
91,method,background,background,"{""label"": ""background""}"
92,background,background,background,"{""label"": ""background""}"
93,background,background,background,"{""label"": ""background""}"
94,background,background,background,"{""label"": ""background""}"
95,method,method,method,"{""label"": ""method""}"
96,result,result,result,"{""label"": ""result""}"
97,background,background,background,"{""label"": ""background""}"
98,background,result,result,"{""label"": ""result""}"
99,method,method,method,"{""label"": ""method""}"
100,method,method,method,"{""label"": ""method""}"
101,background,result,result,"{""label"": ""result""}"
102,background,background,background,"{""label"": ""background""}"
103,method,method,method,"{""label"": ""method""}"
104,background,background,background,"{""label"": ""background""}"
105,background,background,background,"{""label"": ""background""}"
106,method,method,method,"{""label"": ""method""}"
107,result,result,result,"{""label"": ""result""}"
108,result,background,background,"{""label"": ""background""}"
109,background,background,background,"{""label"": ""background""}"
110,result,result,result,"{""label"": ""result""}"
111,result,result,result,"{""label"": ""result""}"
112,result,result,result,"{""label"": ""result""}"
113,result,result,result,"{""label"": ""result""}"
114,method,method,method,"{""label"": ""method""}"
115,result,result,result,"{""label"": ""result""}"
116,method,background,background,"{""label"": ""background""}"
117,background,background,background,"{""label"": ""background""}"
118,method,method,method,"{""label"": ""method""}"
119,background,background,background,"{""label"": ""background""}"
120,result,result,result,"{""label"": ""result""}"
121,background,result,result,"{""label"": ""result""}"
122,background,background,background,"{""label"": ""background""}"
123,result,result,result,"{""label"": ""result""}"
124,method,method,method,"{""label"": ""method""}"
125,background,background,background,"{""label"": ""background""}"
126,result,background,background,"{""label"": ""background""}"
127,result,background,background,"{""label"": ""background""}"
128,result,result,result,"{""label"": ""result""}"
129,method,method,method,"{""label"": ""method""}"
130,method,background,background,"{""label"": ""background""}"
131,background,background,background,"{""label"": ""background""}"
132,background,background,background,"{""label"": ""background""}"
133,background,background,background,"{""label"": ""background""}"
134,method,method,method,"{""label"": ""method""}"
135,background,background,background,"{""label"": ""background""}"
136,background,background,background,"{""label"": ""background""}"
137,method,method,method,"{""label"": ""method""}"
138,result,result,result,"{""label"": ""result""}"
139,background,background,background,"{""label"": ""background""}"
140,method,method,method,"{""label"": ""method""}"
141,background,background,background,"{""label"": ""background""}"
142,background,background,background,"{""label"": ""background""}"
143,background,background,background,"{""label"": ""background""}"
144,background,background,background,"{""label"": ""background""}"
145,method,method,method,"{""label"": ""method""}"
146,background,background,background,"{""label"": ""background""}"
147,background,background,background,"{""label"": ""background""}"
148,background,background,background,"{""label"": ""background""}"
149,background,background,background,"{""label"": ""background""}"
150,background,background,background,"{""label"": ""background""}"
151,background,result,result,"{""label"": ""result""}"
152,method,background,background,"{""label"": ""background""}"
153,background,method,method,"{""label"": ""method""}"
154,background,background,background,"{""label"": ""background""}"
155,result,background,background,"{""label"": ""background""}"
156,background,background,background,"{""label"": ""background""}"
157,background,background,background,"{""label"": ""background""}"
158,background,background,background,"{""label"": ""background""}"
159,background,background,background,"{""label"": ""background""}"
160,background,background,background,"{""label"": ""background""}"
161,method,method,method,"{""label"": ""method""}"
162,background,background,background,"{""label"": ""background""}"
163,background,method,method,"{""label"": ""method""}"
164,background,background,background,"{""label"": ""background""}"
165,method,method,method,"{""label"": ""method""}"
166,background,background,background,"{""label"": ""background""}"
167,method,background,background,"{""label"": ""background""}"
168,method,method,method,"{""label"": ""method""}"
169,method,method,method,"{""label"": ""method""}"
170,method,background,background,"{""label"": ""background""}"
171,method,method,method,"{""label"": ""method""}"
172,method,method,method,"{""label"": ""method""}"
173,method,method,method,"{""label"": ""method""}"
174,background,result,result,"{""label"": ""result""}"
175,background,background,background,"{""label"": ""background""}"
176,background,background,background,"{""label"": ""background""}"
177,method,method,method,"{""label"": ""method""}"
178,result,result,result,"{""label"": ""result""}"
179,background,result,result,"{""label"": ""result""}"
180,result,background,background,"{""label"": ""background""}"
181,background,background,background,"{""label"": ""background""}"
182,background,background,background,"{""label"": ""background""}"
183,result,result,result,"{""label"": ""result""}"
184,method,result,result,"{""label"": ""result""}"
185,background,background,background,"{""label"": ""background""}"
186,background,result,result,"{""label"": ""result""}"
187,result,result,result,"{""label"": ""result""}"
188,method,background,background,"{""label"": ""background""}"
189,background,method,method,"{""label"": ""method""}"
190,method,method,method,"{""label"": ""method""}"
191,background,background,background,"{""label"": ""background""}"
192,result,result,result,"{""label"": ""result""}"
193,result,background,background,"{""label"": ""background""}"
194,background,result,result,"{""label"": ""result""}"
195,background,background,background,"{""label"": ""background""}"
196,background,background,background,"{""label"": ""background""}"
197,background,background,background,"{""label"": ""background""}"
198,method,background,background,"{""label"": ""background""}"
199,background,background,background,"{""label"": ""background""}"
200,background,background,background,"{""label"": ""background""}"
201,background,background,background,"{""label"": ""background""}"
202,background,background,background,"{""label"": ""background""}"
203,method,method,method,"{""label"": ""method""}"
204,method,method,method,"{""label"": ""method""}"
205,background,background,background,"{""label"": ""background""}"
206,method,method,method,"{""label"": ""method""}"
207,method,method,method,"{""label"": ""method""}"
208,method,method,method,"{""label"": ""method""}"
209,background,background,background,"{""label"": ""background""}"
210,background,background,background,"{""label"": ""background""}"
211,background,background,background,"{""label"": ""background""}"
212,method,method,method,"{""label"": ""method""}"
213,method,method,method,"{""label"": ""method""}"
214,background,background,background,"{""label"": ""background""}"
215,background,background,background,"{""label"": ""background""}"
216,background,background,background,"{""label"": ""background""}"
217,method,background,background,"{""label"": ""background""}"
218,background,background,background,"{""label"": ""background""}"
219,background,background,background,"{""label"": ""background""}"
220,method,method,method,"{""label"": ""method""}"
221,method,method,method,"{""label"": ""method""}"
222,result,result,result,"{""label"": ""result""}"
223,background,background,background,"{""label"": ""background""}"
224,background,method,method,"{""label"": ""method""}"
225,background,background,background,"{""label"": ""background""}"
226,background,background,background,"{""label"": ""background""}"
227,method,method,method,"{""label"": ""method""}"
228,background,background,background,"{""label"": ""background""}"
229,background,background,background,"{""label"": ""background""}"
230,background,background,background,"{""label"": ""background""}"
231,background,result,result,"{""label"": ""result""}"
232,result,result,result,"{""label"": ""result""}"
233,background,background,background,"{""label"": ""background""}"
234,result,result,result,"{""label"": ""result""}"
235,method,background,background,"{""label"": ""background""}"
236,method,method,method,"{""label"": ""method""}"
237,method,method,method,"{""label"": ""method""}"
238,method,method,method,"{""label"": ""method""}"
239,background,method,method,"{""label"": ""method""}"
240,background,method,method,"{""label"": ""method""}"
241,background,background,background,"{""label"": ""background""}"
242,method,method,method,"{""label"": ""method""}"
243,background,background,background,"{""label"": ""background""}"
244,background,background,background,"{""label"": ""background""}"
245,background,background,background,"{""label"": ""background""}"
246,method,method,method,"{""label"": ""method""}"
247,method,method,method,"{""label"": ""method""}"
248,result,result,result,"{""label"": ""result""}"
249,method,background,background,"{""label"": ""background""}"
250,background,background,background,"{""label"": ""background""}"
251,background,background,background,"{""label"": ""background""}"
252,result,background,background,"{""label"": ""background""}"
253,background,background,background,"{""label"": ""background""}"
254,method,method,method,"{""label"": ""method""}"
255,method,method,method,"{""label"": ""method""}"
256,background,background,background,"{""label"": ""background""}"
257,method,background,background,"{""label"": ""background""}"
258,background,background,background,"{""label"": ""background""}"
259,result,result,result,"{""label"": ""result""}"
260,method,method,method,"{""label"": ""method""}"
261,background,background,background,"{""label"": ""background""}"
262,background,background,background,"{""label"": ""background""}"
263,background,background,background,"{""label"": ""background""}"
264,background,background,background,"{""label"": ""background""}"
265,method,result,result,"{""label"": ""result""}"
266,background,background,background,"{""label"": ""background""}"
267,background,background,background,"{""label"": ""background""}"
268,method,method,method,"{""label"": ""method""}"
269,method,result,result,"{""label"": ""result""}"
270,method,method,method,"{""label"": ""method""}"
271,background,result,result,"{""label"": ""result""}"
272,background,background,background,"{""label"": ""background""}"
273,background,result,result,"{""label"": ""result""}"
274,background,result,result,"{""label"": ""result""}"
275,background,background,background,"{""label"": ""background""}"
276,background,result,result,"{""label"": ""result""}"
277,method,background,background,"{""label"": ""background""}"
278,background,result,result,"{""label"": ""result""}"
279,background,background,background,"{""label"": ""background""}"
280,background,background,background,"{""label"": ""background""}"
281,background,background,background,"{""label"": ""background""}"
282,background,background,background,"{""label"": ""background""}"
283,background,method,method,"{""label"": ""method""}"
284,background,result,result,"{""label"": ""result""}"
285,background,background,background,"{""label"": ""background""}"
286,background,background,background,"{""label"": ""background""}"
287,background,background,background,"{""label"": ""background""}"
288,background,result,result,"{""label"": ""result""}"
289,method,method,method,"{""label"": ""method""}"
290,background,background,background,"{""label"": ""background""}"
291,background,background,background,"{""label"": ""background""}"
292,method,method,method,"{""label"": ""method""}"
293,method,method,method,"{""label"": ""method""}"
294,method,method,method,"{""label"": ""method""}"
295,background,background,background,"{""label"": ""background""}"
296,background,background,background,"{""label"": ""background""}"
297,result,background,background,"{""label"": ""background""}"
298,background,result,result,"{""label"": ""result""}"
299,background,background,background,"{""label"": ""background""}"
300,background,background,background,"{""label"": ""background""}"
301,background,background,background,"{""label"": ""background""}"
302,background,background,background,"{""label"": ""background""}"
303,background,background,background,"{""label"": ""background""}"
304,result,background,background,"{""label"": ""background""}"
305,background,background,background,"{""label"": ""background""}"
306,background,background,background,"{""label"": ""background""}"
307,method,method,method,"{""label"": ""method""}"
308,method,method,method,"{""label"": ""method""}"
309,background,background,background,"{""label"": ""background""}"
310,background,background,background,"{""label"": ""background""}"
311,method,method,method,"{""label"": ""method""}"
312,background,background,background,"{""label"": ""background""}"
313,background,background,background,"{""label"": ""background""}"
314,result,result,result,"{""label"": ""result""}"
315,method,method,method,"{""label"": ""method""}"
316,background,result,result,"{""label"": ""result""}"
317,background,background,background,"{""label"": ""background""}"
318,background,background,background,"{""label"": ""background""}"
319,background,background,background,"{""label"": ""background""}"
320,method,method,method,"{""label"": ""method""}"
321,method,method,method,"{""label"": ""method""}"
322,background,background,background,"{""label"": ""background""}"
323,background,background,background,"{""label"": ""background""}"
324,method,method,method,"{""label"": ""method""}"
325,method,method,method,"{""label"": ""method""}"
326,method,method,method,"{""label"": ""method""}"
327,background,result,result,"{""label"": ""result""}"
328,background,background,background,"{""label"": ""background""}"
329,background,background,background,"{""label"": ""background""}"
330,method,method,method,"{""label"": ""method""}"
331,background,result,result,"{""label"": ""result""}"
332,background,background,background,"{""label"": ""background""}"
333,background,background,background,"{""label"": ""background""}"
334,background,background,background,"{""label"": ""background""}"
335,background,background,background,"{""label"": ""background""}"
336,background,background,background,"{""label"": ""background""}"
337,background,background,background,"{""label"": ""background""}"
338,method,method,method,"{""label"": ""method""}"
339,background,background,background,"{""label"": ""background""}"
340,background,method,method,"{""label"": ""method""}"
341,background,background,background,"{""label"": ""background""}"
342,background,background,background,"{""label"": ""background""}"
343,background,result,result,"{""label"": ""result""}"
344,result,result,result,"{""label"": ""result""}"
345,background,background,background,"{""label"": ""background""}"
346,method,method,method,"{""label"": ""method""}"
347,background,background,background,"{""label"": ""background""}"
348,background,result,result,"{""label"": ""result""}"
349,background,background,background,"{""label"": ""background""}"
350,background,background,background,"{""label"": ""background""}"
351,background,background,background,"{""label"": ""background""}"
352,background,background,background,"{""label"": ""background""}"
353,result,result,result,"{""label"": ""result""}"
354,method,method,method,"{""label"": ""method""}"
355,background,background,background,"{""label"": ""background""}"
356,method,background,background,"{""label"": ""background""}"
357,method,method,method,"{""label"": ""method""}"
358,background,background,background,"{""label"": ""background""}"
359,background,method,method,"{""label"": ""method""}"
360,background,background,background,"{""label"": ""background""}"
361,background,background,background,"{""label"": ""background""}"
362,background,background,background,"{""label"": ""background""}"
363,method,background,background,"{""label"": ""background""}"
364,background,background,background,"{""label"": ""background""}"
365,background,background,background,"{""label"": ""background""}"
366,background,background,background,"{""label"": ""background""}"
367,background,background,background,"{""label"": ""background""}"
368,background,background,background,"{""label"": ""background""}"
369,background,background,background,"{""label"": ""background""}"
370,method,method,method,"{""label"": ""method""}"
371,method,method,method,"{""label"": ""method""}"
372,method,method,method,"{""label"": ""method""}"
373,background,background,background,"{""label"": ""background""}"
374,method,method,method,"{""label"": ""method""}"
375,result,result,result,"{""label"": ""result""}"
376,background,background,background,"{""label"": ""background""}"
377,result,result,result,"{""label"": ""result""}"
378,background,background,background,"{""label"": ""background""}"
379,method,background,background,"{""label"": ""background""}"
380,result,result,result,"{""label"": ""result""}"
381,result,background,background,"{""label"": ""background""}"
382,method,method,method,"{""label"": ""method""}"
383,method,method,method,"{""label"": ""method""}"
384,method,background,background,"{""label"": ""background""}"
385,background,background,background,"{""label"": ""background""}"
386,method,method,method,"{""label"": ""method""}"
387,result,background,background,"{""label"": ""background""}"
388,result,background,background,"{""label"": ""background""}"
389,result,result,result,"{""label"": ""result""}"
390,method,method,method,"{""label"": ""method""}"
391,method,method,method,"{""label"": ""method""}"
392,method,method,method,"{""label"": ""method""}"
393,background,background,background,"{""label"": ""background""}"
394,result,result,result,"{""label"": ""result""}"
395,method,background,background,"{""label"": ""background""}"
396,background,background,background,"{""label"": ""background""}"
397,background,background,background,"{""label"": ""background""}"
398,background,background,background,"{""label"": ""background""}"
399,method,method,method,"{""label"": ""method""}"
400,method,background,background,"{""label"": ""background""}"
401,background,background,background,"{""label"": ""background""}"
402,method,background,background,"{""label"": ""background""}"
403,background,background,background,"{""label"": ""background""}"
404,background,background,background,"{""label"": ""background""}"
405,result,result,result,"{""label"": ""result""}"
406,method,method,method,"{""label"": ""method""}"
407,method,background,background,"{""label"": ""background""}"
408,background,result,result,"{""label"": ""result""}"
409,result,result,result,"{""label"": ""result""}"
410,result,background,background,"{""label"": ""background""}"
411,result,result,result,"{""label"": ""result""}"
412,background,background,background,"{""label"": ""background""}"
413,method,method,method,"{""label"": ""method""}"
414,result,method,method,"{""label"": ""method""}"
415,background,background,background,"{""label"": ""background""}"
416,background,background,background,"{""label"": ""background""}"
417,result,background,background,"{""label"": ""background""}"
418,result,result,result,"{""label"": ""result""}"
419,background,background,background,"{""label"": ""background""}"
420,method,method,method,"{""label"": ""method""}"
421,background,background,background,"{""label"": ""background""}"
422,background,result,result,"{""label"": ""result""}"
423,background,background,background,"{""label"": ""background""}"
424,method,background,background,"{""label"": ""background""}"
425,method,method,method,"{""label"": ""method""}"
426,background,background,background,"{""label"": ""background""}"
427,method,method,method,"{""label"": ""method""}"
428,background,background,background,"{""label"": ""background""}"
429,method,method,method,"{""label"": ""method""}"
430,method,background,background,"{""label"": ""background""}"
431,result,result,result,"{""label"": ""result""}"
432,result,result,result,"{""label"": ""result""}"
433,method,background,background,"{""label"": ""background""}"
434,background,background,background,"{""label"": ""background""}"
435,background,background,background,"{""label"": ""background""}"
436,method,method,method,"{""label"": ""method""}"
437,background,background,background,"{""label"": ""background""}"
438,result,result,result,"{""label"": ""result""}"
439,method,method,method,"{""label"": ""method""}"
440,background,background,background,"{""label"": ""background""}"
441,background,background,background,"{""label"": ""background""}"
442,method,method,method,"{""label"": ""method""}"
443,method,method,method,"{""label"": ""method""}"
444,background,background,background,"{""label"": ""background""}"
445,method,method,method,"{""label"": ""method""}"
446,background,background,background,"{""label"": ""background""}"
447,background,background,background,"{""label"": ""background""}"
448,method,method,method,"{""label"": ""method""}"
449,method,method,method,"{""label"": ""method""}"
450,result,background,background,"{""label"": ""background""}"
451,result,result,result,"{""label"": ""result""}"
452,background,background,background,"{""label"": ""background""}"
453,background,background,background,"{""label"": ""background""}"
454,background,background,background,"{""label"": ""background""}"
455,background,background,background,"{""label"": ""background""}"
456,background,background,background,"{""label"": ""background""}"
457,background,method,method,"{""label"": ""method""}"
458,method,method,method,"{""label"": ""method""}"
459,result,background,background,"{""label"": ""background""}"
460,background,background,background,"{""label"": ""background""}"
461,background,background,background,"{""label"": ""background""}"
462,background,background,background,"{""label"": ""background""}"
463,background,background,background,"{""label"": ""background""}"
464,method,method,method,"{""label"": ""method""}"
465,result,result,result,"{""label"": ""result""}"
466,method,method,method,"{""label"": ""method""}"
467,result,result,result,"{""label"": ""result""}"
468,result,result,result,"{""label"": ""result""}"
469,method,method,method,"{""label"": ""method""}"
470,method,method,method,"{""label"": ""method""}"
471,method,method,method,"{""label"": ""method""}"
472,background,background,background,"{""label"": ""background""}"
473,method,method,method,"{""label"": ""method""}"
474,method,method,method,"{""label"": ""method""}"
475,background,background,background,"{""label"": ""background""}"
476,method,method,method,"{""label"": ""method""}"
477,result,result,result,"{""label"": ""result""}"
478,method,method,method,"{""label"": ""method""}"
479,method,method,method,"{""label"": ""method""}"
480,background,method,method,"{""label"": ""method""}"
481,method,method,method,"{""label"": ""method""}"
482,background,background,background,"{""label"": ""background""}"
483,background,method,method,"{""label"": ""method""}"
484,background,background,background,"{""label"": ""background""}"
485,background,background,background,"{""label"": ""background""}"
486,method,result,result,"{""label"": ""result""}"
487,background,background,background,"{""label"": ""background""}"
488,background,background,background,"{""label"": ""background""}"
489,method,method,method,"{""label"": ""method""}"
490,background,method,method,"{""label"": ""method""}"
491,background,background,background,"{""label"": ""background""}"
492,background,background,background,"{""label"": ""background""}"
493,background,background,background,"{""label"": ""background""}"
494,method,method,method,"{""label"": ""method""}"
495,background,background,background,"{""label"": ""background""}"
496,background,background,background,"{""label"": ""background""}"
497,background,background,background,"{""label"": ""background""}"
498,background,background,background,"{""label"": ""background""}"
499,method,method,method,"{""label"": ""method""}"
500,result,background,background,"{""label"": ""background""}"
501,method,background,background,"{""label"": ""background""}"
502,result,result,result,"{""label"": ""result""}"
503,background,background,background,"{""label"": ""background""}"
504,method,method,method,"{""label"": ""method""}"
505,background,background,background,"{""label"": ""background""}"
506,background,background,background,"{""label"": ""background""}"
507,method,method,method,"{""label"": ""method""}"
508,background,result,result,"{""label"": ""result""}"
509,method,method,method,"{""label"": ""method""}"
510,background,background,background,"{""label"": ""background""}"
511,background,background,background,"{""label"": ""background""}"
512,result,result,result,"{""label"": ""result""}"
513,method,method,method,"{""label"": ""method""}"
514,background,background,background,"{""label"": ""background""}"
515,method,method,method,"{""label"": ""method""}"
516,method,background,background,"{""label"": ""background""}"
517,method,background,background,"{""label"": ""background""}"
518,result,result,result,"{""label"": ""result""}"
519,background,background,background,"{""label"": ""background""}"
520,result,result,result,"{""label"": ""result""}"
521,background,background,background,"{""label"": ""background""}"
522,method,method,method,"{""label"": ""method""}"
523,background,background,background,"{""label"": ""background""}"
524,method,background,background,"{""label"": ""background""}"
525,background,background,background,"{""label"": ""background""}"
526,method,method,method,"{""label"": ""method""}"
527,method,method,method,"{""label"": ""method""}"
528,result,result,result,"{""label"": ""result""}"
529,method,background,background,"{""label"": ""background""}"
530,background,background,background,"{""label"": ""background""}"
531,result,background,background,"{""label"": ""background""}"
532,background,background,background,"{""label"": ""background""}"
533,method,background,background,"{""label"": ""background""}"
534,method,background,background,"{""label"": ""background""}"
535,method,background,background,"{""label"": ""background""}"
536,background,result,result,"{""label"": ""result""}"
537,method,method,method,"{""label"": ""method""}"
538,background,background,background,"{""label"": ""background""}"
539,background,background,background,"{""label"": ""background""}"
540,background,background,background,"{""label"": ""background""}"
541,background,background,background,"{""label"": ""background""}"
542,method,method,method,"{""label"": ""method""}"
543,method,method,method,"{""label"": ""method""}"
544,background,result,result,"{""label"": ""result""}"
545,result,result,result,"{""label"": ""result""}"
546,background,background,background,"{""label"": ""background""}"
547,method,background,background,"{""label"": ""background""}"
548,background,background,background,"{""label"": ""background""}"
549,background,background,background,"{""label"": ""background""}"
550,background,background,background,"{""label"": ""background""}"
551,method,method,method,"{""label"": ""method""}"
552,background,background,background,"{""label"": ""background""}"
553,result,result,result,"{""label"": ""result""}"
554,background,background,background,"{""label"": ""background""}"
555,method,method,method,"{""label"": ""method""}"
556,method,background,background,"{""label"": ""background""}"
557,background,background,background,"{""label"": ""background""}"
558,method,method,method,"{""label"": ""method""}"
559,result,result,result,"{""label"": ""result""}"
560,method,background,background,"{""label"": ""background""}"
561,background,result,result,"{""label"": ""result""}"
562,method,method,method,"{""label"": ""method""}"
563,result,result,result,"{""label"": ""result""}"
564,background,background,background,"{""label"": ""background""}"
565,background,background,background,"{""label"": ""background""}"
566,background,background,background,"{""label"": ""background""}"
567,method,method,method,"{""label"": ""method""}"
568,method,method,method,"{""label"": ""method""}"
569,background,background,background,"{""label"": ""background""}"
570,background,background,background,"{""label"": ""background""}"
571,result,result,result,"{""label"": ""result""}"
572,method,method,method,"{""label"": ""method""}"
573,background,background,background,"{""label"": ""background""}"
574,method,method,method,"{""label"": ""method""}"
575,method,method,method,"{""label"": ""method""}"
576,result,background,background,"{""label"": ""background""}"
577,background,background,background,"{""label"": ""background""}"
578,background,background,background,"{""label"": ""background""}"
579,background,background,background,"{""label"": ""background""}"
580,result,result,result,"{""label"": ""result""}"
581,method,background,background,"{""label"": ""background""}"
582,method,method,method,"{""label"": ""method""}"
583,background,background,background,"{""label"": ""background""}"
584,background,result,result,"{""label"": ""result""}"
585,method,method,method,"{""label"": ""method""}"
586,method,method,method,"{""label"": ""method""}"
587,method,result,result,"{""label"": ""result""}"
588,background,background,background,"{""label"": ""background""}"
589,method,method,method,"{""label"": ""method""}"
590,background,background,background,"{""label"": ""background""}"
591,result,result,result,"{""label"": ""result""}"
592,result,result,result,"{""label"": ""result""}"
593,background,result,result,"{""label"": ""result""}"
594,result,background,background,"{""label"": ""background""}"
595,method,method,method,"{""label"": ""method""}"
596,method,method,method,"{""label"": ""method""}"
597,background,background,background,"{""label"": ""background""}"
598,background,background,background,"{""label"": ""background""}"
599,background,background,background,"{""label"": ""background""}"
600,method,method,method,"{""label"": ""method""}"
601,background,background,background,"{""label"": ""background""}"
602,method,method,method,"{""label"": ""method""}"
603,background,background,background,"{""label"": ""background""}"
604,background,result,result,"{""label"": ""result""}"
605,background,background,background,"{""label"": ""background""}"
606,result,result,result,"{""label"": ""result""}"
607,result,result,result,"{""label"": ""result""}"
608,background,background,background,"{""label"": ""background""}"
609,background,background,background,"{""label"": ""background""}"
610,method,method,method,"{""label"": ""method""}"
611,result,result,result,"{""label"": ""result""}"
612,background,background,background,"{""label"": ""background""}"
613,background,background,background,"{""label"": ""background""}"
614,method,method,method,"{""label"": ""method""}"
615,background,background,background,"{""label"": ""background""}"
616,method,method,method,"{""label"": ""method""}"
617,background,background,background,"{""label"": ""background""}"
618,method,background,background,"{""label"": ""background""}"
619,background,background,background,"{""label"": ""background""}"
620,method,method,method,"{""label"": ""method""}"
621,result,result,result,"{""label"": ""result""}"
622,result,background,background,"{""label"": ""background""}"
623,background,background,background,"{""label"": ""background""}"
624,background,method,method,"{""label"": ""method""}"
625,result,result,result,"{""label"": ""result""}"
626,background,result,result,"{""label"": ""result""}"
627,background,background,background,"{""label"": ""background""}"
628,method,method,method,"{""label"": ""method""}"
629,background,background,background,"{""label"": ""background""}"
630,background,result,result,"{""label"": ""result""}"
631,result,background,background,"{""label"": ""background""}"
632,result,result,result,"{""label"": ""result""}"
633,method,method,method,"{""label"": ""method""}"
634,background,background,background,"{""label"": ""background""}"
635,method,background,background,"{""label"": ""background""}"
636,background,background,background,"{""label"": ""background""}"
637,background,background,background,"{""label"": ""background""}"
638,background,background,background,"{""label"": ""background""}"
639,method,method,method,"{""label"": ""method""}"
640,method,method,method,"{""label"": ""method""}"
641,result,result,result,"{""label"": ""result""}"
642,result,result,result,"{""label"": ""result""}"
643,result,result,result,"{""label"": ""result""}"
644,background,background,background,"{""label"": ""background""}"
645,method,background,background,"{""label"": ""background""}"
646,background,background,background,"{""label"": ""background""}"
647,method,method,method,"{""label"": ""method""}"
648,background,result,result,"{""label"": ""result""}"
649,method,method,method,"{""label"": ""method""}"
650,result,result,result,"{""label"": ""result""}"
651,background,result,result,"{""label"": ""result""}"
652,background,background,background,"{""label"": ""background""}"
653,result,result,result,"{""label"": ""result""}"
654,background,background,background,"{""label"": ""background""}"
655,method,method,method,"{""label"": ""method""}"
656,result,result,result,"{""label"": ""result""}"
657,method,method,method,"{""label"": ""method""}"
658,method,method,method,"{""label"": ""method""}"
659,background,background,background,"{""label"": ""background""}"
660,background,background,background,"{""label"": ""background""}"
661,background,background,background,"{""label"": ""background""}"
662,method,method,method,"{""label"": ""method""}"
663,result,result,result,"{""label"": ""result""}"
664,background,background,background,"{""label"": ""background""}"
665,background,result,result,"{""label"": ""result""}"
666,method,method,method,"{""label"": ""method""}"
667,method,background,background,"{""label"": ""background""}"
668,method,background,background,"{""label"": ""background""}"
669,method,method,method,"{""label"": ""method""}"
670,method,method,method,"{""label"": ""method""}"
671,method,method,method,"{""label"": ""method""}"
672,background,background,background,"{""label"": ""background""}"
673,background,background,background,"{""label"": ""background""}"
674,method,method,method,"{""label"": ""method""}"
675,method,method,method,"{""label"": ""method""}"
676,background,result,result,"{""label"": ""result""}"
677,background,background,background,"{""label"": ""background""}"
678,background,background,background,"{""label"": ""background""}"
679,background,background,background,"{""label"": ""background""}"
680,method,background,background,"{""label"": ""background""}"
681,method,method,method,"{""label"": ""method""}"
682,method,background,background,"{""label"": ""background""}"
683,method,method,method,"{""label"": ""method""}"
684,result,result,result,"{""label"": ""result""}"
685,background,background,background,"{""label"": ""background""}"
686,method,method,method,"{""label"": ""method""}"
687,method,method,method,"{""label"": ""method""}"
688,background,background,background,"{""label"": ""background""}"
689,background,background,background,"{""label"": ""background""}"
690,background,background,background,"{""label"": ""background""}"
691,result,result,result,"{""label"": ""result""}"
692,background,background,background,"{""label"": ""background""}"
693,background,result,result,"{""label"": ""result""}"
694,background,background,background,"{""label"": ""background""}"
695,method,method,method,"{""label"": ""method""}"
696,background,background,background,"{""label"": ""background""}"
697,method,method,method,"{""label"": ""method""}"
698,background,background,background,"{""label"": ""background""}"
699,background,background,background,"{""label"": ""background""}"
700,result,background,background,"{""label"": ""background""}"
701,background,background,background,"{""label"": ""background""}"
702,result,result,result,"{""label"": ""result""}"
703,method,method,method,"{""label"": ""method""}"
704,method,background,background,"{""label"": ""background""}"
705,method,method,method,"{""label"": ""method""}"
706,background,background,background,"{""label"": ""background""}"
707,method,method,method,"{""label"": ""method""}"
708,background,background,background,"{""label"": ""background""}"
709,method,method,method,"{""label"": ""method""}"
710,background,background,background,"{""label"": ""background""}"
711,method,method,method,"{""label"": ""method""}"
712,method,method,method,"{""label"": ""method""}"
713,background,background,background,"{""label"": ""background""}"
714,background,background,background,"{""label"": ""background""}"
715,method,background,background,"{""label"": ""background""}"
716,background,result,result,"{""label"": ""result""}"
717,background,background,background,"{""label"": ""background""}"
718,method,method,method,"{""label"": ""method""}"
719,background,background,background,"{""label"": ""background""}"
720,background,background,background,"{""label"": ""background""}"
721,result,result,result,"{""label"": ""result""}"
722,background,background,background,"{""label"": ""background""}"
723,method,background,background,"{""label"": ""background""}"
724,background,background,background,"{""label"": ""background""}"
725,background,background,background,"{""label"": ""background""}"
726,background,result,result,"{""label"": ""result""}"
727,method,method,method,"{""label"": ""method""}"
728,method,background,background,"{""label"": ""background""}"
729,result,result,result,"{""label"": ""result""}"
730,method,method,method,"{""label"": ""method""}"
731,background,background,background,"{""label"": ""background""}"
732,background,background,background,"{""label"": ""background""}"
733,result,background,background,"{""label"": ""background""}"
734,background,background,background,"{""label"": ""background""}"
735,background,background,background,"{""label"": ""background""}"
736,method,background,background,"{""label"": ""background""}"
737,method,method,method,"{""label"": ""method""}"
738,result,result,result,"{""label"": ""result""}"
739,result,result,result,"{""label"": ""result""}"
740,background,background,background,"{""label"": ""background""}"
741,method,method,method,"{""label"": ""method""}"
742,result,result,result,"{""label"": ""result""}"
743,background,background,background,"{""label"": ""background""}"
744,background,background,background,"{""label"": ""background""}"
745,background,background,background,"{""label"": ""background""}"
746,background,background,background,"{""label"": ""background""}"
747,method,method,method,"{""label"": ""method""}"
748,background,result,result,"{""label"": ""result""}"
749,method,method,method,"{""label"": ""method""}"
750,background,background,background,"{""label"": ""background""}"
751,background,background,background,"{""label"": ""background""}"
752,background,background,background,"{""label"": ""background""}"
753,background,background,background,"{""label"": ""background""}"
754,background,background,background,"{""label"": ""background""}"
755,background,background,background,"{""label"": ""background""}"
756,background,background,background,"{""label"": ""background""}"
757,background,result,result,"{""label"": ""result""}"
758,background,background,background,"{""label"": ""background""}"
759,result,result,result,"{""label"": ""result""}"
760,background,background,background,"{""label"": ""background""}"
761,result,result,result,"{""label"": ""result""}"
762,result,result,result,"{""label"": ""result""}"
763,result,result,result,"{""label"": ""result""}"
764,method,method,method,"{""label"": ""method""}"
765,method,method,method,"{""label"": ""method""}"
766,background,background,background,"{""label"": ""background""}"
767,method,method,method,"{""label"": ""method""}"
768,background,result,result,"{""label"": ""result""}"
769,result,result,result,"{""label"": ""result""}"
770,background,background,background,"{""label"": ""background""}"
771,method,method,method,"{""label"": ""method""}"
772,background,result,result,"{""label"": ""result""}"
773,method,method,method,"{""label"": ""method""}"
774,method,method,method,"{""label"": ""method""}"
775,method,method,method,"{""label"": ""method""}"
776,background,background,background,"{""label"": ""background""}"
777,background,background,background,"{""label"": ""background""}"
778,method,method,method,"{""label"": ""method""}"
779,result,result,result,"{""label"": ""result""}"
780,background,background,background,"{""label"": ""background""}"
781,background,background,background,"{""label"": ""background""}"
782,method,method,method,"{""label"": ""method""}"
783,result,result,result,"{""label"": ""result""}"
784,result,result,result,"{""label"": ""result""}"
785,background,background,background,"{""label"": ""background""}"
786,result,result,result,"{""label"": ""result""}"
787,background,background,background,"{""label"": ""background""}"
788,background,result,result,"{""label"": ""result""}"
789,method,method,method,"{""label"": ""method""}"
790,background,method,method,"{""label"": ""method""}"
791,background,background,background,"{""label"": ""background""}"
792,background,background,background,"{""label"": ""background""}"
793,method,background,background,"{""label"": ""background""}"
794,background,background,background,"{""label"": ""background""}"
795,method,method,method,"{""label"": ""method""}"
796,method,background,background,"{""label"": ""background""}"
797,result,result,result,"{""label"": ""result""}"
798,method,method,method,"{""label"": ""method""}"
799,method,method,method,"{""label"": ""method""}"
800,result,background,background,"{""label"": ""background""}"
801,background,background,background,"{""label"": ""background""}"
802,background,background,background,"{""label"": ""background""}"
803,result,background,background,"{""label"": ""background""}"
804,result,background,background,"{""label"": ""background""}"
805,method,method,method,"{""label"": ""method""}"
806,background,background,background,"{""label"": ""background""}"
807,result,background,background,"{""label"": ""background""}"
808,method,method,method,"{""label"": ""method""}"
809,background,background,background,"{""label"": ""background""}"
810,background,result,result,"{""label"": ""result""}"
811,background,background,background,"{""label"": ""background""}"
812,method,method,method,"{""label"": ""method""}"
813,background,background,background,"{""label"": ""background""}"
814,background,background,background,"{""label"": ""background""}"
815,background,background,background,"{""label"": ""background""}"
816,result,result,result,"{""label"": ""result""}"
817,method,method,method,"{""label"": ""method""}"
818,method,method,method,"{""label"": ""method""}"
819,method,result,result,"{""label"": ""result""}"
820,background,background,background,"{""label"": ""background""}"
821,background,background,background,"{""label"": ""background""}"
822,background,background,background,"{""label"": ""background""}"
823,method,method,method,"{""label"": ""method""}"
824,result,background,background,"{""label"": ""background""}"
825,background,background,background,"{""label"": ""background""}"
826,method,method,method,"{""label"": ""method""}"
827,method,method,method,"{""label"": ""method""}"
828,result,background,background,"{""label"": ""background""}"
829,background,background,background,"{""label"": ""background""}"
830,background,background,background,"{""label"": ""background""}"
831,background,background,background,"{""label"": ""background""}"
832,background,background,background,"{""label"": ""background""}"
833,method,background,background,"{""label"": ""background""}"
834,method,background,background,"{""label"": ""background""}"
835,result,result,result,"{""label"": ""result""}"
836,method,method,method,"{""label"": ""method""}"
837,method,method,method,"{""label"": ""method""}"
838,background,background,background,"{""label"": ""background""}"
839,background,background,background,"{""label"": ""background""}"
840,background,background,background,"{""label"": ""background""}"
841,method,method,method,"{""label"": ""method""}"
842,result,result,result,"{""label"": ""result""}"
843,method,method,method,"{""label"": ""method""}"
844,result,background,background,"{""label"": ""background""}"
845,method,method,method,"{""label"": ""method""}"
846,method,background,background,"{""label"": ""background""}"
847,result,result,result,"{""label"": ""result""}"
848,background,background,background,"{""label"": ""background""}"
849,method,method,method,"{""label"": ""method""}"
850,background,background,background,"{""label"": ""background""}"
851,background,background,background,"{""label"": ""background""}"
852,method,method,method,"{""label"": ""method""}"
853,background,background,background,"{""label"": ""background""}"
854,result,result,result,"{""label"": ""result""}"
855,result,result,result,"{""label"": ""result""}"
856,method,method,method,"{""label"": ""method""}"
857,method,method,method,"{""label"": ""method""}"
858,method,background,background,"{""label"": ""background""}"
859,background,background,background,"{""label"": ""background""}"
860,background,background,background,"{""label"": ""background""}"
861,background,background,background,"{""label"": ""background""}"
862,background,background,background,"{""label"": ""background""}"
863,background,method,method,"{""label"": ""method""}"
864,method,method,method,"{""label"": ""method""}"
865,background,background,background,"{""label"": ""background""}"
866,method,method,method,"{""label"": ""method""}"
867,result,result,result,"{""label"": ""result""}"
868,background,background,background,"{""label"": ""background""}"
869,background,background,background,"{""label"": ""background""}"
870,method,method,method,"{""label"": ""method""}"
871,background,background,background,"{""label"": ""background""}"
872,result,background,background,"{""label"": ""background""}"
873,method,method,method,"{""label"": ""method""}"
874,result,result,result,"{""label"": ""result""}"
875,method,method,method,"{""label"": ""method""}"
876,background,background,background,"{""label"": ""background""}"
877,background,result,result,"{""label"": ""result""}"
878,background,background,background,"{""label"": ""background""}"
879,background,background,background,"{""label"": ""background""}"
880,background,background,background,"{""label"": ""background""}"
881,method,method,method,"{""label"": ""method""}"
882,background,background,background,"{""label"": ""background""}"
883,result,result,result,"{""label"": ""result""}"
884,background,background,background,"{""label"": ""background""}"
885,result,result,result,"{""label"": ""result""}"
886,method,method,method,"{""label"": ""method""}"
887,method,method,method,"{""label"": ""method""}"
888,background,background,background,"{""label"": ""background""}"
889,background,background,background,"{""label"": ""background""}"
890,background,background,background,"{""label"": ""background""}"
891,result,result,result,"{""label"": ""result""}"
892,background,background,background,"{""label"": ""background""}"
893,method,background,background,"{""label"": ""background""}"
894,background,background,background,"{""label"": ""background""}"
895,background,background,background,"{""label"": ""background""}"
896,method,background,background,"{""label"": ""background""}"
897,background,background,background,"{""label"": ""background""}"
898,background,background,background,"{""label"": ""background""}"
899,background,background,background,"{""label"": ""background""}"
900,method,background,background,"{""label"": ""background""}"
901,method,method,method,"{""label"": ""method""}"
902,method,method,method,"{""label"": ""method""}"
903,background,background,background,"{""label"": ""background""}"
904,background,background,background,"{""label"": ""background""}"
905,method,method,method,"{""label"": ""method""}"
906,result,result,result,"{""label"": ""result""}"
907,method,background,background,"{""label"": ""background""}"
908,method,method,method,"{""label"": ""method""}"
909,background,background,background,"{""label"": ""background""}"
910,method,method,method,"{""label"": ""method""}"
911,background,background,background,"{""label"": ""background""}"
912,background,background,background,"{""label"": ""background""}"
913,background,background,background,"{""label"": ""background""}"
914,background,background,background,"{""label"": ""background""}"
915,result,background,background,"{""label"": ""background""}"
916,background,background,background,"{""label"": ""background""}"
917,background,background,background,"{""label"": ""background""}"
918,result,result,result,"{""label"": ""result""}"
919,background,background,background,"{""label"": ""background""}"
920,background,background,background,"{""label"": ""background""}"
921,background,background,background,"{""label"": ""background""}"
922,method,background,background,"{""label"": ""background""}"
923,background,background,background,"{""label"": ""background""}"
924,background,result,result,"{""label"": ""result""}"
925,method,background,background,"{""label"": ""background""}"
926,background,background,background,"{""label"": ""background""}"
927,method,method,method,"{""label"": ""method""}"
928,result,background,background,"{""label"": ""background""}"
929,method,method,method,"{""label"": ""method""}"
930,background,background,background,"{""label"": ""background""}"
931,result,result,result,"{""label"": ""result""}"
932,result,result,result,"{""label"": ""result""}"
933,method,method,method,"{""label"": ""method""}"
934,method,background,background,"{""label"": ""background""}"
935,background,background,background,"{""label"": ""background""}"
936,background,background,background,"{""label"": ""background""}"
937,method,method,method,"{""label"": ""method""}"
938,result,background,background,"{""label"": ""background""}"
939,background,background,background,"{""label"": ""background""}"
940,method,method,method,"{""label"": ""method""}"
941,background,background,background,"{""label"": ""background""}"
942,background,background,background,"{""label"": ""background""}"
943,background,background,background,"{""label"": ""background""}"
944,background,background,background,"{""label"": ""background""}"
945,background,background,background,"{""label"": ""background""}"
946,method,method,method,"{""label"": ""method""}"
947,background,background,background,"{""label"": ""background""}"
948,background,background,background,"{""label"": ""background""}"
949,background,method,method,"{""label"": ""method""}"
950,method,background,background,"{""label"": ""background""}"
951,background,result,result,"{""label"": ""result""}"
952,background,background,background,"{""label"": ""background""}"
953,background,background,background,"{""label"": ""background""}"
954,method,background,background,"{""label"": ""background""}"
955,background,background,background,"{""label"": ""background""}"
956,method,method,method,"{""label"": ""method""}"
957,background,background,background,"{""label"": ""background""}"
958,background,background,background,"{""label"": ""background""}"
959,result,result,result,"{""label"": ""result""}"
960,background,background,background,"{""label"": ""background""}"
961,background,background,background,"{""label"": ""background""}"
962,background,background,background,"{""label"": ""background""}"
963,method,background,background,"{""label"": ""background""}"
964,result,result,result,"{""label"": ""result""}"
965,method,background,background,"{""label"": ""background""}"
966,result,result,result,"{""label"": ""result""}"
967,background,background,background,"{""label"": ""background""}"
968,method,method,method,"{""label"": ""method""}"
969,method,background,background,"{""label"": ""background""}"
970,result,result,result,"{""label"": ""result""}"
971,background,background,background,"{""label"": ""background""}"
972,background,method,method,"{""label"": ""method""}"
973,method,method,method,"{""label"": ""method""}"
974,result,result,result,"{""label"": ""result""}"
975,method,background,background,"{""label"": ""background""}"
976,method,method,method,"{""label"": ""method""}"
977,method,method,method,"{""label"": ""method""}"
978,method,method,method,"{""label"": ""method""}"
979,method,background,background,"{""label"": ""background""}"
980,background,result,result,"{""label"": ""result""}"
981,method,method,method,"{""label"": ""method""}"
982,method,method,method,"{""label"": ""method""}"
983,background,background,background,"{""label"": ""background""}"
984,method,method,method,"{""label"": ""method""}"
985,result,result,result,"{""label"": ""result""}"
986,background,background,background,"{""label"": ""background""}"
987,result,result,result,"{""label"": ""result""}"
988,method,background,background,"{""label"": ""background""}"
989,result,result,result,"{""label"": ""result""}"
990,background,background,background,"{""label"": ""background""}"
991,result,result,result,"{""label"": ""result""}"
992,result,result,result,"{""label"": ""result""}"
993,background,background,background,"{""label"": ""background""}"
994,method,method,method,"{""label"": ""method""}"
995,result,result,result,"{""label"": ""result""}"
996,background,background,background,"{""label"": ""background""}"
997,result,result,result,"{""label"": ""result""}"
998,background,background,background,"{""label"": ""background""}"
999,background,method,method,"{""label"": ""method""}"
1000,method,background,background,"{""label"": ""background""}"
1001,method,method,method,"{""label"": ""method""}"
1002,background,background,background,"{""label"": ""background""}"
1003,method,method,method,"{""label"": ""method""}"
1004,background,background,background,"{""label"": ""background""}"
1005,result,background,background,"{""label"": ""background""}"
1006,background,background,background,"{""label"": ""background""}"
1007,background,background,background,"{""label"": ""background""}"
1008,result,background,background,"{""label"": ""background""}"
1009,method,method,method,"{""label"": ""method""}"
1010,background,result,result,"{""label"": ""result""}"
1011,method,background,background,"{""label"": ""background""}"
1012,result,result,result,"{""label"": ""result""}"
1013,background,background,background,"{""label"": ""background""}"
1014,method,background,background,"{""label"": ""background""}"
1015,method,method,method,"{""label"": ""method""}"
1016,background,background,background,"{""label"": ""background""}"
1017,background,background,background,"{""label"": ""background""}"
1018,background,background,background,"{""label"": ""background""}"
1019,method,method,method,"{""label"": ""method""}"
1020,background,result,result,"{""label"": ""result""}"
1021,background,background,background,"{""label"": ""background""}"
1022,background,background,background,"{""label"": ""background""}"
1023,background,background,background,"{""label"": ""background""}"
1024,background,background,background,"{""label"": ""background""}"
1025,method,method,method,"{""label"": ""method""}"
1026,method,method,method,"{""label"": ""method""}"
1027,method,method,method,"{""label"": ""method""}"
1028,result,background,background,"{""label"": ""background""}"
1029,background,background,background,"{""label"": ""background""}"
1030,method,background,background,"{""label"": ""background""}"
1031,background,background,background,"{""label"": ""background""}"
1032,background,result,result,"{""label"": ""result""}"
1033,background,background,background,"{""label"": ""background""}"
1034,method,method,method,"{""label"": ""method""}"
1035,method,method,method,"{""label"": ""method""}"
1036,method,method,method,"{""label"": ""method""}"
1037,background,background,background,"{""label"": ""background""}"
1038,background,background,background,"{""label"": ""background""}"
1039,background,background,background,"{""label"": ""background""}"
1040,background,method,method,"{""label"": ""method""}"
1041,background,background,background,"{""label"": ""background""}"
1042,method,background,background,"{""label"": ""background""}"
1043,method,method,method,"{""label"": ""method""}"
1044,background,background,background,"{""label"": ""background""}"
1045,background,background,background,"{""label"": ""background""}"
1046,background,background,background,"{""label"": ""background""}"
1047,background,method,method,"{""label"": ""method""}"
1048,background,background,background,"{""label"": ""background""}"
1049,background,result,result,"{""label"": ""result""}"
1050,method,method,method,"{""label"": ""method""}"
1051,background,method,method,"{""label"": ""method""}"
1052,method,background,background,"{""label"": ""background""}"
1053,background,method,method,"{""label"": ""method""}"
1054,background,background,background,"{""label"": ""background""}"
1055,background,background,background,"{""label"": ""background""}"
1056,background,background,background,"{""label"": ""background""}"
1057,background,background,background,"{""label"": ""background""}"
1058,method,method,method,"{""label"": ""method""}"
1059,background,background,background,"{""label"": ""background""}"
1060,method,method,method,"{""label"": ""method""}"
1061,background,method,method,"{""label"": ""method""}"
1062,result,result,result,"{""label"": ""result""}"
1063,method,background,background,"{""label"": ""background""}"
1064,background,background,background,"{""label"": ""background""}"
1065,background,background,background,"{""label"": ""background""}"
1066,background,background,background,"{""label"": ""background""}"
1067,result,result,result,"{""label"": ""result""}"
1068,method,method,method,"{""label"": ""method""}"
1069,background,background,background,"{""label"": ""background""}"
1070,method,result,result,"{""label"": ""result""}"
1071,background,background,background,"{""label"": ""background""}"
1072,background,background,background,"{""label"": ""background""}"
1073,result,result,result,"{""label"": ""result""}"
1074,background,background,background,"{""label"": ""background""}"
1075,background,background,background,"{""label"": ""background""}"
1076,background,background,background,"{""label"": ""background""}"
1077,background,background,background,"{""label"": ""background""}"
1078,background,background,background,"{""label"": ""background""}"
1079,method,background,background,"{""label"": ""background""}"
1080,method,background,background,"{""label"": ""background""}"
1081,background,background,background,"{""label"": ""background""}"
1082,background,background,background,"{""label"": ""background""}"
1083,method,method,method,"{""label"": ""method""}"
1084,background,result,result,"{""label"": ""result""}"
1085,method,method,method,"{""label"": ""method""}"
1086,background,method,method,"{""label"": ""method""}"
1087,background,background,background,"{""label"": ""background""}"
1088,background,background,background,"{""label"": ""background""}"
1089,result,result,result,"{""label"": ""result""}"
1090,background,result,result,"{""label"": ""result""}"
1091,result,background,background,"{""label"": ""background""}"
1092,method,method,method,"{""label"": ""method""}"
1093,result,background,background,"{""label"": ""background""}"
1094,method,result,result,"{""label"": ""result""}"
1095,background,background,background,"{""label"": ""background""}"
1096,background,background,background,"{""label"": ""background""}"
1097,background,background,background,"{""label"": ""background""}"
1098,method,method,method,"{""label"": ""method""}"
1099,method,result,result,"{""label"": ""result""}"
1100,method,background,background,"{""label"": ""background""}"
1101,method,result,result,"{""label"": ""result""}"
1102,method,background,background,"{""label"": ""background""}"
1103,method,method,method,"{""label"": ""method""}"
1104,method,method,method,"{""label"": ""method""}"
1105,result,result,result,"{""label"": ""result""}"
1106,background,background,background,"{""label"": ""background""}"
1107,background,background,background,"{""label"": ""background""}"
1108,method,background,background,"{""label"": ""background""}"
1109,background,background,background,"{""label"": ""background""}"
1110,result,result,result,"{""label"": ""result""}"
1111,background,background,background,"{""label"": ""background""}"
1112,background,background,background,"{""label"": ""background""}"
1113,result,result,result,"{""label"": ""result""}"
1114,background,background,background,"{""label"": ""background""}"
1115,result,result,result,"{""label"": ""result""}"
1116,method,background,background,"{""label"": ""background""}"
1117,background,result,result,"{""label"": ""result""}"
1118,method,method,method,"{""label"": ""method""}"
1119,background,background,background,"{""label"": ""background""}"
1120,method,method,method,"{""label"": ""method""}"
1121,result,result,result,"{""label"": ""result""}"
1122,method,method,method,"{""label"": ""method""}"
1123,background,background,background,"{""label"": ""background""}"
1124,background,background,background,"{""label"": ""background""}"
1125,background,background,background,"{""label"": ""background""}"
1126,method,method,method,"{""label"": ""method""}"
1127,method,method,method,"{""label"": ""method""}"
1128,background,background,background,"{""label"": ""background""}"
1129,method,method,method,"{""label"": ""method""}"
1130,method,method,method,"{""label"": ""method""}"
1131,method,method,method,"{""label"": ""method""}"
1132,method,background,background,"{""label"": ""background""}"
1133,result,result,result,"{""label"": ""result""}"
1134,background,background,background,"{""label"": ""background""}"
1135,result,result,result,"{""label"": ""result""}"
1136,background,background,background,"{""label"": ""background""}"
1137,background,background,background,"{""label"": ""background""}"
1138,background,background,background,"{""label"": ""background""}"
1139,method,method,method,"{""label"": ""method""}"
1140,background,background,background,"{""label"": ""background""}"
1141,background,method,method,"{""label"": ""method""}"
1142,background,background,background,"{""label"": ""background""}"
1143,background,background,background,"{""label"": ""background""}"
1144,background,background,background,"{""label"": ""background""}"
1145,background,background,background,"{""label"": ""background""}"
1146,background,background,background,"{""label"": ""background""}"
1147,background,background,background,"{""label"": ""background""}"
1148,method,method,method,"{""label"": ""method""}"
1149,background,background,background,"{""label"": ""background""}"
1150,background,background,background,"{""label"": ""background""}"
1151,background,background,background,"{""label"": ""background""}"
1152,method,method,method,"{""label"": ""method""}"
1153,method,method,method,"{""label"": ""method""}"
1154,method,method,method,"{""label"": ""method""}"
1155,background,background,background,"{""label"": ""background""}"
1156,background,background,background,"{""label"": ""background""}"
1157,background,background,background,"{""label"": ""background""}"
1158,method,background,background,"{""label"": ""background""}"
1159,background,background,background,"{""label"": ""background""}"
1160,background,background,background,"{""label"": ""background""}"
1161,result,result,result,"{""label"": ""result""}"
1162,background,background,background,"{""label"": ""background""}"
1163,result,result,result,"{""label"": ""result""}"
1164,background,background,background,"{""label"": ""background""}"
1165,background,background,background,"{""label"": ""background""}"
1166,result,result,result,"{""label"": ""result""}"
1167,method,result,result,"{""label"": ""result""}"
1168,method,method,method,"{""label"": ""method""}"
1169,method,method,method,"{""label"": ""method""}"
1170,background,background,background,"{""label"": ""background""}"
1171,method,method,method,"{""label"": ""method""}"
1172,result,background,background,"{""label"": ""background""}"
1173,method,background,background,"{""label"": ""background""}"
1174,background,background,background,"{""label"": ""background""}"
1175,background,background,background,"{""label"": ""background""}"
1176,method,background,background,"{""label"": ""background""}"
1177,background,background,background,"{""label"": ""background""}"
1178,result,result,result,"{""label"": ""result""}"
1179,background,background,background,"{""label"": ""background""}"
1180,method,method,method,"{""label"": ""method""}"
1181,method,method,method,"{""label"": ""method""}"
1182,method,method,method,"{""label"": ""method""}"
1183,background,background,background,"{""label"": ""background""}"
1184,method,background,background,"{""label"": ""background""}"
1185,result,result,result,"{""label"": ""result""}"
1186,method,method,method,"{""label"": ""method""}"
1187,method,method,method,"{""label"": ""method""}"
1188,background,background,background,"{""label"": ""background""}"
1189,result,result,result,"{""label"": ""result""}"
1190,background,background,background,"{""label"": ""background""}"
1191,method,method,method,"{""label"": ""method""}"
1192,result,result,result,"{""label"": ""result""}"
1193,result,result,result,"{""label"": ""result""}"
1194,background,background,background,"{""label"": ""background""}"
1195,background,background,background,"{""label"": ""background""}"
1196,method,method,method,"{""label"": ""method""}"
1197,background,background,background,"{""label"": ""background""}"
1198,background,background,background,"{""label"": ""background""}"
1199,background,result,result,"{""label"": ""result""}"
1200,background,background,background,"{""label"": ""background""}"
1201,background,result,result,"{""label"": ""result""}"
1202,background,result,result,"{""label"": ""result""}"
1203,method,method,method,"{""label"": ""method""}"
1204,background,result,result,"{""label"": ""result""}"
1205,background,background,background,"{""label"": ""background""}"
1206,background,background,background,"{""label"": ""background""}"
1207,method,background,background,"{""label"": ""background""}"
1208,method,method,method,"{""label"": ""method""}"
1209,background,background,background,"{""label"": ""background""}"
1210,background,background,background,"{""label"": ""background""}"
1211,background,method,method,"{""label"": ""method""}"
1212,result,result,result,"{""label"": ""result""}"
1213,method,method,method,"{""label"": ""method""}"
1214,background,background,background,"{""label"": ""background""}"
1215,background,background,background,"{""label"": ""background""}"
1216,background,background,background,"{""label"": ""background""}"
1217,background,background,background,"{""label"": ""background""}"
1218,method,method,method,"{""label"": ""method""}"
1219,method,method,method,"{""label"": ""method""}"
1220,background,background,background,"{""label"": ""background""}"
1221,method,method,method,"{""label"": ""method""}"
1222,background,background,background,"{""label"": ""background""}"
1223,background,background,background,"{""label"": ""background""}"
1224,method,method,method,"{""label"": ""method""}"
1225,method,method,method,"{""label"": ""method""}"
1226,result,result,result,"{""label"": ""result""}"
1227,background,background,background,"{""label"": ""background""}"
1228,background,background,background,"{""label"": ""background""}"
1229,background,result,result,"{""label"": ""result""}"
1230,background,background,background,"{""label"": ""background""}"
1231,background,background,background,"{""label"": ""background""}"
1232,background,background,background,"{""label"": ""background""}"
1233,method,background,background,"{""label"": ""background""}"
1234,method,method,method,"{""label"": ""method""}"
1235,background,background,background,"{""label"": ""background""}"
1236,method,method,method,"{""label"": ""method""}"
1237,background,background,background,"{""label"": ""background""}"
1238,result,result,result,"{""label"": ""result""}"
1239,method,method,method,"{""label"": ""method""}"
1240,background,background,background,"{""label"": ""background""}"
1241,method,background,background,"{""label"": ""background""}"
1242,method,background,background,"{""label"": ""background""}"
1243,background,background,background,"{""label"": ""background""}"
1244,background,background,background,"{""label"": ""background""}"
1245,background,background,background,"{""label"": ""background""}"
1246,method,method,method,"{""label"": ""method""}"
1247,method,background,background,"{""label"": ""background""}"
1248,background,background,background,"{""label"": ""background""}"
1249,background,background,background,"{""label"": ""background""}"
1250,method,method,method,"{""label"": ""method""}"
1251,background,background,background,"{""label"": ""background""}"
1252,background,result,result,"{""label"": ""result""}"
1253,method,method,method,"{""label"": ""method""}"
1254,method,method,method,"{""label"": ""method""}"
1255,method,method,method,"{""label"": ""method""}"
1256,background,background,background,"{""label"": ""background""}"
1257,background,background,background,"{""label"": ""background""}"
1258,method,method,method,"{""label"": ""method""}"
1259,result,result,result,"{""label"": ""result""}"
1260,method,method,method,"{""label"": ""method""}"
1261,method,method,method,"{""label"": ""method""}"
1262,result,result,result,"{""label"": ""result""}"
1263,result,result,result,"{""label"": ""result""}"
1264,result,result,result,"{""label"": ""result""}"
1265,background,background,background,"{""label"": ""background""}"
1266,method,method,method,"{""label"": ""method""}"
1267,method,method,method,"{""label"": ""method""}"
1268,method,background,background,"{""label"": ""background""}"
1269,method,method,method,"{""label"": ""method""}"
1270,background,background,background,"{""label"": ""background""}"
1271,method,background,background,"{""label"": ""background""}"
1272,method,method,method,"{""label"": ""method""}"
1273,background,background,background,"{""label"": ""background""}"
1274,method,background,background,"{""label"": ""background""}"
1275,method,method,method,"{""label"": ""method""}"
1276,background,background,background,"{""label"": ""background""}"
1277,background,background,background,"{""label"": ""background""}"
1278,method,background,background,"{""label"": ""background""}"
1279,background,background,background,"{""label"": ""background""}"
1280,background,background,background,"{""label"": ""background""}"
1281,background,background,background,"{""label"": ""background""}"
1282,background,background,background,"{""label"": ""background""}"
1283,background,background,background,"{""label"": ""background""}"
1284,background,background,background,"{""label"": ""background""}"
1285,background,background,background,"{""label"": ""background""}"
1286,method,background,background,"{""label"": ""background""}"
1287,result,result,result,"{""label"": ""result""}"
1288,result,result,result,"{""label"": ""result""}"
1289,result,result,result,"{""label"": ""result""}"
1290,method,method,method,"{""label"": ""method""}"
1291,background,background,background,"{""label"": ""background""}"
1292,method,background,background,"{""label"": ""background""}"
1293,method,method,method,"{""label"": ""method""}"
1294,method,method,method,"{""label"": ""method""}"
1295,background,background,background,"{""label"": ""background""}"
1296,background,background,background,"{""label"": ""background""}"
1297,method,method,method,"{""label"": ""method""}"
1298,background,background,background,"{""label"": ""background""}"
1299,method,method,method,"{""label"": ""method""}"
1300,method,background,background,"{""label"": ""background""}"
1301,background,background,background,"{""label"": ""background""}"
1302,background,method,method,"{""label"": ""method""}"
1303,method,method,method,"{""label"": ""method""}"
1304,background,background,background,"{""label"": ""background""}"
1305,method,method,method,"{""label"": ""method""}"
1306,background,background,background,"{""label"": ""background""}"
1307,method,method,method,"{""label"": ""method""}"
1308,background,method,method,"{""label"": ""method""}"
1309,background,background,background,"{""label"": ""background""}"
1310,background,background,background,"{""label"": ""background""}"
1311,background,background,background,"{""label"": ""background""}"
1312,background,background,background,"{""label"": ""background""}"
1313,background,background,background,"{""label"": ""background""}"
1314,method,method,method,"{""label"": ""method""}"
1315,background,background,background,"{""label"": ""background""}"
1316,method,method,method,"{""label"": ""method""}"
1317,method,method,method,"{""label"": ""method""}"
1318,result,background,background,"{""label"": ""background""}"
1319,background,background,background,"{""label"": ""background""}"
1320,method,method,method,"{""label"": ""method""}"
1321,result,background,background,"{""label"": ""background""}"
1322,method,method,method,"{""label"": ""method""}"
1323,result,background,background,"{""label"": ""background""}"
1324,background,background,background,"{""label"": ""background""}"
1325,background,background,background,"{""label"": ""background""}"
1326,method,method,method,"{""label"": ""method""}"
1327,method,method,method,"{""label"": ""method""}"
1328,background,background,background,"{""label"": ""background""}"
1329,background,background,background,"{""label"": ""background""}"
1330,background,background,background,"{""label"": ""background""}"
1331,method,method,method,"{""label"": ""method""}"
1332,method,method,method,"{""label"": ""method""}"
1333,method,result,result,"{""label"": ""result""}"
1334,background,method,method,"{""label"": ""method""}"
1335,method,method,method,"{""label"": ""method""}"
1336,method,method,method,"{""label"": ""method""}"
1337,background,method,method,"{""label"": ""method""}"
1338,background,background,background,"{""label"": ""background""}"
1339,background,background,background,"{""label"": ""background""}"
1340,method,method,method,"{""label"": ""method""}"
1341,method,method,method,"{""label"": ""method""}"
1342,background,background,background,"{""label"": ""background""}"
1343,background,background,background,"{""label"": ""background""}"
1344,method,method,method,"{""label"": ""method""}"
1345,background,background,background,"{""label"": ""background""}"
1346,result,background,background,"{""label"": ""background""}"
1347,background,background,background,"{""label"": ""background""}"
1348,background,result,result,"{""label"": ""result""}"
1349,result,result,result,"{""label"": ""result""}"
1350,background,background,background,"{""label"": ""background""}"
1351,background,background,background,"{""label"": ""background""}"
1352,method,method,method,"{""label"": ""method""}"
1353,method,method,method,"{""label"": ""method""}"
1354,background,background,background,"{""label"": ""background""}"
1355,background,background,background,"{""label"": ""background""}"
1356,background,background,background,"{""label"": ""background""}"
1357,background,background,background,"{""label"": ""background""}"
1358,background,background,background,"{""label"": ""background""}"
1359,result,result,result,"{""label"": ""result""}"
1360,background,background,background,"{""label"": ""background""}"
1361,background,background,background,"{""label"": ""background""}"
1362,background,background,background,"{""label"": ""background""}"
1363,result,result,result,"{""label"": ""result""}"
1364,background,background,background,"{""label"": ""background""}"
1365,method,method,method,"{""label"": ""method""}"
1366,background,background,background,"{""label"": ""background""}"
1367,result,result,result,"{""label"": ""result""}"
1368,method,method,method,"{""label"": ""method""}"
1369,background,background,background,"{""label"": ""background""}"
1370,background,background,background,"{""label"": ""background""}"
1371,background,background,background,"{""label"": ""background""}"
1372,background,background,background,"{""label"": ""background""}"
1373,method,result,result,"{""label"": ""result""}"
1374,background,background,background,"{""label"": ""background""}"
1375,background,background,background,"{""label"": ""background""}"
1376,method,method,method,"{""label"": ""method""}"
1377,background,background,background,"{""label"": ""background""}"
1378,method,method,method,"{""label"": ""method""}"
1379,background,background,background,"{""label"": ""background""}"
1380,background,background,background,"{""label"": ""background""}"
1381,background,background,background,"{""label"": ""background""}"
1382,background,background,background,"{""label"": ""background""}"
1383,result,background,background,"{""label"": ""background""}"
1384,background,background,background,"{""label"": ""background""}"
1385,result,result,result,"{""label"": ""result""}"
1386,background,background,background,"{""label"": ""background""}"
1387,background,background,background,"{""label"": ""background""}"
1388,method,background,background,"{""label"": ""background""}"
1389,method,method,method,"{""label"": ""method""}"
1390,method,method,method,"{""label"": ""method""}"
1391,method,background,background,"{""label"": ""background""}"
1392,method,background,background,"{""label"": ""background""}"
1393,background,background,background,"{""label"": ""background""}"
1394,background,result,result,"{""label"": ""result""}"
1395,method,method,method,"{""label"": ""method""}"
1396,background,background,background,"{""label"": ""background""}"
1397,result,result,result,"{""label"": ""result""}"
1398,method,method,method,"{""label"": ""method""}"
1399,result,result,result,"{""label"": ""result""}"
1400,background,background,background,"{""label"": ""background""}"
1401,method,method,method,"{""label"": ""method""}"
1402,background,background,background,"{""label"": ""background""}"
1403,method,result,result,"{""label"": ""result""}"
1404,background,background,background,"{""label"": ""background""}"
1405,background,background,background,"{""label"": ""background""}"
1406,method,background,background,"{""label"": ""background""}"
1407,background,background,background,"{""label"": ""background""}"
1408,background,method,method,"{""label"": ""method""}"
1409,method,method,method,"{""label"": ""method""}"
1410,background,background,background,"{""label"": ""background""}"
1411,result,background,background,"{""label"": ""background""}"
1412,background,background,background,"{""label"": ""background""}"
1413,background,background,background,"{""label"": ""background""}"
1414,method,method,method,"{""label"": ""method""}"
1415,method,background,background,"{""label"": ""background""}"
1416,method,method,method,"{""label"": ""method""}"
1417,method,method,method,"{""label"": ""method""}"
1418,method,method,method,"{""label"": ""method""}"
1419,background,background,background,"{""label"": ""background""}"
1420,background,background,background,"{""label"": ""background""}"
1421,result,background,background,"{""label"": ""background""}"
1422,method,method,method,"{""label"": ""method""}"
1423,method,method,method,"{""label"": ""method""}"
1424,background,method,method,"{""label"": ""method""}"
1425,background,method,method,"{""label"": ""method""}"
1426,method,background,background,"{""label"": ""background""}"
1427,background,background,background,"{""label"": ""background""}"
1428,method,method,method,"{""label"": ""method""}"
1429,background,result,result,"{""label"": ""result""}"
1430,result,result,result,"{""label"": ""result""}"
1431,background,background,background,"{""label"": ""background""}"
1432,background,result,result,"{""label"": ""result""}"
1433,method,method,method,"{""label"": ""method""}"
1434,background,background,background,"{""label"": ""background""}"
1435,background,background,background,"{""label"": ""background""}"
1436,background,background,background,"{""label"": ""background""}"
1437,background,background,background,"{""label"": ""background""}"
1438,background,background,background,"{""label"": ""background""}"
1439,background,background,background,"{""label"": ""background""}"
1440,background,background,background,"{""label"": ""background""}"
1441,method,method,method,"{""label"": ""method""}"
1442,method,method,method,"{""label"": ""method""}"
1443,background,background,background,"{""label"": ""background""}"
1444,background,background,background,"{""label"": ""background""}"
1445,result,result,result,"{""label"": ""result""}"
1446,method,method,method,"{""label"": ""method""}"
1447,method,method,method,"{""label"": ""method""}"
1448,background,method,method,"{""label"": ""method""}"
1449,method,method,method,"{""label"": ""method""}"
1450,background,background,background,"{""label"": ""background""}"
1451,method,method,method,"{""label"": ""method""}"
1452,background,background,background,"{""label"": ""background""}"
1453,method,method,method,"{""label"": ""method""}"
1454,background,background,background,"{""label"": ""background""}"
1455,background,background,background,"{""label"": ""background""}"
1456,background,background,background,"{""label"": ""background""}"
1457,result,result,result,"{""label"": ""result""}"
1458,method,method,method,"{""label"": ""method""}"
1459,background,background,background,"{""label"": ""background""}"
1460,background,background,background,"{""label"": ""background""}"
1461,method,method,method,"{""label"": ""method""}"
1462,background,background,background,"{""label"": ""background""}"
1463,background,background,background,"{""label"": ""background""}"
1464,result,result,result,"{""label"": ""result""}"
1465,background,background,background,"{""label"": ""background""}"
1466,background,background,background,"{""label"": ""background""}"
1467,background,background,background,"{""label"": ""background""}"
1468,method,method,method,"{""label"": ""method""}"
1469,background,background,background,"{""label"": ""background""}"
1470,background,background,background,"{""label"": ""background""}"
1471,background,background,background,"{""label"": ""background""}"
1472,background,background,background,"{""label"": ""background""}"
1473,background,background,background,"{""label"": ""background""}"
1474,background,background,background,"{""label"": ""background""}"
1475,result,background,background,"{""label"": ""background""}"
1476,method,method,method,"{""label"": ""method""}"
1477,background,background,background,"{""label"": ""background""}"
1478,background,background,background,"{""label"": ""background""}"
1479,background,background,background,"{""label"": ""background""}"
1480,background,method,method,"{""label"": ""method""}"
1481,method,method,method,"{""label"": ""method""}"
1482,method,method,method,"{""label"": ""method""}"
1483,method,background,background,"{""label"": ""background""}"
1484,method,background,background,"{""label"": ""background""}"
1485,background,background,background,"{""label"": ""background""}"
1486,method,method,method,"{""label"": ""method""}"
1487,method,method,method,"{""label"": ""method""}"
1488,background,background,background,"{""label"": ""background""}"
1489,background,background,background,"{""label"": ""background""}"
1490,background,method,method,"{""label"": ""method""}"
1491,background,background,background,"{""label"": ""background""}"
1492,background,background,background,"{""label"": ""background""}"
1493,background,background,background,"{""label"": ""background""}"
1494,method,background,background,"{""label"": ""background""}"
1495,background,background,background,"{""label"": ""background""}"
1496,background,background,background,"{""label"": ""background""}"
1497,background,background,background,"{""label"": ""background""}"
1498,background,background,background,"{""label"": ""background""}"
1499,background,background,background,"{""label"": ""background""}"
1500,result,result,result,"{""label"": ""result""}"
1501,background,background,background,"{""label"": ""background""}"
1502,background,background,background,"{""label"": ""background""}"
1503,method,background,background,"{""label"": ""background""}"
1504,result,result,result,"{""label"": ""result""}"
1505,method,method,method,"{""label"": ""method""}"
1506,method,method,method,"{""label"": ""method""}"
1507,background,background,background,"{""label"": ""background""}"
1508,background,background,background,"{""label"": ""background""}"
1509,background,background,background,"{""label"": ""background""}"
1510,background,background,background,"{""label"": ""background""}"
1511,background,result,result,"{""label"": ""result""}"
1512,background,background,background,"{""label"": ""background""}"
1513,method,background,background,"{""label"": ""background""}"
1514,background,background,background,"{""label"": ""background""}"
1515,method,background,background,"{""label"": ""background""}"
1516,result,result,result,"{""label"": ""result""}"
1517,background,background,background,"{""label"": ""background""}"
1518,background,background,background,"{""label"": ""background""}"
1519,background,background,background,"{""label"": ""background""}"
1520,background,background,background,"{""label"": ""background""}"
1521,method,method,method,"{""label"": ""method""}"
1522,background,result,result,"{""label"": ""result""}"
1523,background,background,background,"{""label"": ""background""}"
1524,background,background,background,"{""label"": ""background""}"
1525,background,background,background,"{""label"": ""background""}"
1526,method,method,method,"{""label"": ""method""}"
1527,result,result,result,"{""label"": ""result""}"
1528,background,background,background,"{""label"": ""background""}"
1529,method,method,method,"{""label"": ""method""}"
1530,background,background,background,"{""label"": ""background""}"
1531,method,method,method,"{""label"": ""method""}"
1532,background,background,background,"{""label"": ""background""}"
1533,background,background,background,"{""label"": ""background""}"
1534,background,method,method,"{""label"": ""method""}"
1535,background,background,background,"{""label"": ""background""}"
1536,background,background,background,"{""label"": ""background""}"
1537,background,background,background,"{""label"": ""background""}"
1538,method,method,method,"{""label"": ""method""}"
1539,background,background,background,"{""label"": ""background""}"
1540,method,method,method,"{""label"": ""method""}"
1541,method,method,method,"{""label"": ""method""}"
1542,background,background,background,"{""label"": ""background""}"
1543,background,background,background,"{""label"": ""background""}"
1544,background,background,background,"{""label"": ""background""}"
1545,background,background,background,"{""label"": ""background""}"
1546,background,background,background,"{""label"": ""background""}"
1547,background,background,background,"{""label"": ""background""}"
1548,background,background,background,"{""label"": ""background""}"
1549,background,background,background,"{""label"": ""background""}"
1550,result,background,background,"{""label"": ""background""}"
1551,background,background,background,"{""label"": ""background""}"
1552,result,result,result,"{""label"": ""result""}"
1553,background,background,background,"{""label"": ""background""}"
1554,result,result,result,"{""label"": ""result""}"
1555,method,background,background,"{""label"": ""background""}"
1556,background,background,background,"{""label"": ""background""}"
1557,result,background,background,"{""label"": ""background""}"
1558,background,background,background,"{""label"": ""background""}"
1559,method,method,method,"{""label"": ""method""}"
1560,background,result,result,"{""label"": ""result""}"
1561,result,result,result,"{""label"": ""result""}"
1562,method,method,method,"{""label"": ""method""}"
1563,background,background,background,"{""label"": ""background""}"
1564,method,background,background,"{""label"": ""background""}"
1565,background,background,background,"{""label"": ""background""}"
1566,background,background,background,"{""label"": ""background""}"
1567,background,background,background,"{""label"": ""background""}"
1568,method,method,method,"{""label"": ""method""}"
1569,background,background,background,"{""label"": ""background""}"
1570,background,background,background,"{""label"": ""background""}"
1571,background,background,background,"{""label"": ""background""}"
1572,background,background,background,"{""label"": ""background""}"
1573,background,background,background,"{""label"": ""background""}"
1574,background,background,background,"{""label"": ""background""}"
1575,background,background,background,"{""label"": ""background""}"
1576,background,background,background,"{""label"": ""background""}"
1577,background,background,background,"{""label"": ""background""}"
1578,background,background,background,"{""label"": ""background""}"
1579,background,background,background,"{""label"": ""background""}"
1580,method,background,background,"{""label"": ""background""}"
1581,background,result,result,"{""label"": ""result""}"
1582,background,background,background,"{""label"": ""background""}"
1583,background,background,background,"{""label"": ""background""}"
1584,background,background,background,"{""label"": ""background""}"
1585,background,background,background,"{""label"": ""background""}"
1586,background,background,background,"{""label"": ""background""}"
1587,background,background,background,"{""label"": ""background""}"
1588,method,method,method,"{""label"": ""method""}"
1589,method,method,method,"{""label"": ""method""}"
1590,background,background,background,"{""label"": ""background""}"
1591,method,method,method,"{""label"": ""method""}"
1592,background,background,background,"{""label"": ""background""}"
1593,background,background,background,"{""label"": ""background""}"
1594,method,method,method,"{""label"": ""method""}"
1595,background,background,background,"{""label"": ""background""}"
1596,result,result,result,"{""label"": ""result""}"
1597,background,background,background,"{""label"": ""background""}"
1598,background,background,background,"{""label"": ""background""}"
1599,method,method,method,"{""label"": ""method""}"
1600,method,method,method,"{""label"": ""method""}"
1601,method,method,method,"{""label"": ""method""}"
1602,background,background,background,"{""label"": ""background""}"
1603,result,result,result,"{""label"": ""result""}"
1604,method,background,background,"{""label"": ""background""}"
1605,background,background,background,"{""label"": ""background""}"
1606,background,background,background,"{""label"": ""background""}"
1607,background,background,background,"{""label"": ""background""}"
1608,background,result,result,"{""label"": ""result""}"
1609,background,background,background,"{""label"": ""background""}"
1610,result,result,result,"{""label"": ""result""}"
1611,background,background,background,"{""label"": ""background""}"
1612,background,background,background,"{""label"": ""background""}"
1613,method,method,method,"{""label"": ""method""}"
1614,background,background,background,"{""label"": ""background""}"
1615,result,result,result,"{""label"": ""result""}"
1616,background,background,background,"{""label"": ""background""}"
1617,background,background,background,"{""label"": ""background""}"
1618,background,background,background,"{""label"": ""background""}"
1619,result,result,result,"{""label"": ""result""}"
1620,background,background,background,"{""label"": ""background""}"
1621,background,background,background,"{""label"": ""background""}"
1622,background,background,background,"{""label"": ""background""}"
1623,background,background,background,"{""label"": ""background""}"
1624,background,method,method,"{""label"": ""method""}"
1625,background,background,background,"{""label"": ""background""}"
1626,background,method,method,"{""label"": ""method""}"
1627,background,background,background,"{""label"": ""background""}"
1628,method,method,method,"{""label"": ""method""}"
1629,background,method,method,"{""label"": ""method""}"
1630,background,background,background,"{""label"": ""background""}"
1631,method,method,method,"{""label"": ""method""}"
1632,background,background,background,"{""label"": ""background""}"
1633,method,background,background,"{""label"": ""background""}"
1634,method,method,method,"{""label"": ""method""}"
1635,method,method,method,"{""label"": ""method""}"
1636,method,method,method,"{""label"": ""method""}"
1637,background,background,background,"{""label"": ""background""}"
1638,method,method,method,"{""label"": ""method""}"
1639,method,method,method,"{""label"": ""method""}"
1640,background,background,background,"{""label"": ""background""}"
1641,method,method,method,"{""label"": ""method""}"
1642,method,method,method,"{""label"": ""method""}"
1643,method,background,background,"{""label"": ""background""}"
1644,background,background,background,"{""label"": ""background""}"
1645,method,method,method,"{""label"": ""method""}"
1646,result,background,background,"{""label"": ""background""}"
1647,background,background,background,"{""label"": ""background""}"
1648,method,background,background,"{""label"": ""background""}"
1649,method,method,method,"{""label"": ""method""}"
1650,background,background,background,"{""label"": ""background""}"
1651,background,background,background,"{""label"": ""background""}"
1652,background,background,background,"{""label"": ""background""}"
1653,background,background,background,"{""label"": ""background""}"
1654,method,result,result,"{""label"": ""result""}"
1655,background,background,background,"{""label"": ""background""}"
1656,background,background,background,"{""label"": ""background""}"
1657,method,method,method,"{""label"": ""method""}"
1658,method,method,method,"{""label"": ""method""}"
1659,background,background,background,"{""label"": ""background""}"
1660,background,background,background,"{""label"": ""background""}"
1661,background,background,background,"{""label"": ""background""}"
1662,background,background,background,"{""label"": ""background""}"
1663,background,background,background,"{""label"": ""background""}"
1664,background,background,background,"{""label"": ""background""}"
1665,method,method,method,"{""label"": ""method""}"
1666,result,background,background,"{""label"": ""background""}"
1667,result,result,result,"{""label"": ""result""}"
1668,background,background,background,"{""label"": ""background""}"
1669,method,method,method,"{""label"": ""method""}"
1670,background,background,background,"{""label"": ""background""}"
1671,background,background,background,"{""label"": ""background""}"
1672,background,background,background,"{""label"": ""background""}"
1673,result,result,result,"{""label"": ""result""}"
1674,background,background,background,"{""label"": ""background""}"
1675,method,background,background,"{""label"": ""background""}"
1676,background,background,background,"{""label"": ""background""}"
1677,background,background,background,"{""label"": ""background""}"
1678,result,result,result,"{""label"": ""result""}"
1679,background,result,result,"{""label"": ""result""}"
1680,background,background,background,"{""label"": ""background""}"
1681,background,method,method,"{""label"": ""method""}"
1682,background,background,background,"{""label"": ""background""}"
1683,background,background,background,"{""label"": ""background""}"
1684,background,background,background,"{""label"": ""background""}"
1685,result,result,result,"{""label"": ""result""}"
1686,method,background,background,"{""label"": ""background""}"
1687,background,background,background,"{""label"": ""background""}"
1688,background,background,background,"{""label"": ""background""}"
1689,method,method,method,"{""label"": ""method""}"
1690,method,method,method,"{""label"": ""method""}"
1691,background,background,background,"{""label"": ""background""}"
1692,method,result,result,"{""label"": ""result""}"
1693,method,background,background,"{""label"": ""background""}"
1694,result,background,background,"{""label"": ""background""}"
1695,background,background,background,"{""label"": ""background""}"
1696,method,method,method,"{""label"": ""method""}"
1697,background,background,background,"{""label"": ""background""}"
1698,method,method,method,"{""label"": ""method""}"
1699,result,result,result,"{""label"": ""result""}"
1700,background,background,background,"{""label"": ""background""}"
1701,method,background,background,"{""label"": ""background""}"
1702,background,background,background,"{""label"": ""background""}"
1703,result,result,result,"{""label"": ""result""}"
1704,result,background,background,"{""label"": ""background""}"
1705,background,background,background,"{""label"": ""background""}"
1706,background,background,background,"{""label"": ""background""}"
1707,method,background,background,"{""label"": ""background""}"
1708,method,method,method,"{""label"": ""method""}"
1709,method,method,method,"{""label"": ""method""}"
1710,background,background,background,"{""label"": ""background""}"
1711,background,background,background,"{""label"": ""background""}"
1712,result,result,result,"{""label"": ""result""}"
1713,method,method,method,"{""label"": ""method""}"
1714,method,method,method,"{""label"": ""method""}"
1715,background,background,background,"{""label"": ""background""}"
1716,background,background,background,"{""label"": ""background""}"
1717,method,method,method,"{""label"": ""method""}"
1718,background,background,background,"{""label"": ""background""}"
1719,method,method,method,"{""label"": ""method""}"
1720,result,result,result,"{""label"": ""result""}"
1721,result,result,result,"{""label"": ""result""}"
1722,result,result,result,"{""label"": ""result""}"
1723,background,background,background,"{""label"": ""background""}"
1724,background,background,background,"{""label"": ""background""}"
1725,result,result,result,"{""label"": ""result""}"
1726,background,background,background,"{""label"": ""background""}"
1727,method,method,method,"{""label"": ""method""}"
1728,background,background,background,"{""label"": ""background""}"
1729,background,background,background,"{""label"": ""background""}"
1730,background,background,background,"{""label"": ""background""}"
1731,background,background,background,"{""label"": ""background""}"
1732,background,background,background,"{""label"": ""background""}"
1733,background,background,background,"{""label"": ""background""}"
1734,method,method,method,"{""label"": ""method""}"
1735,background,background,background,"{""label"": ""background""}"
1736,background,result,result,"{""label"": ""result""}"
1737,background,background,background,"{""label"": ""background""}"
1738,method,method,method,"{""label"": ""method""}"
1739,result,background,background,"{""label"": ""background""}"
1740,method,method,method,"{""label"": ""method""}"
1741,background,background,background,"{""label"": ""background""}"
1742,result,result,result,"{""label"": ""result""}"
1743,method,method,method,"{""label"": ""method""}"
1744,background,background,background,"{""label"": ""background""}"
1745,method,method,method,"{""label"": ""method""}"
1746,background,background,background,"{""label"": ""background""}"
1747,background,method,method,"{""label"": ""method""}"
1748,method,result,result,"{""label"": ""result""}"
1749,background,method,method,"{""label"": ""method""}"
1750,background,method,method,"{""label"": ""method""}"
1751,background,background,background,"{""label"": ""background""}"
1752,background,background,background,"{""label"": ""background""}"
1753,background,background,background,"{""label"": ""background""}"
1754,method,method,method,"{""label"": ""method""}"
1755,background,method,method,"{""label"": ""method""}"
1756,background,background,background,"{""label"": ""background""}"
1757,background,result,result,"{""label"": ""result""}"
1758,result,result,result,"{""label"": ""result""}"
1759,method,method,method,"{""label"": ""method""}"
1760,background,method,method,"{""label"": ""method""}"
1761,background,background,background,"{""label"": ""background""}"
1762,background,background,background,"{""label"": ""background""}"
1763,background,background,background,"{""label"": ""background""}"
1764,background,background,background,"{""label"": ""background""}"
1765,background,background,background,"{""label"": ""background""}"
1766,method,method,method,"{""label"": ""method""}"
1767,background,background,background,"{""label"": ""background""}"
1768,result,result,result,"{""label"": ""result""}"
1769,background,method,method,"{""label"": ""method""}"
1770,background,background,background,"{""label"": ""background""}"
1771,method,method,method,"{""label"": ""method""}"
1772,background,background,background,"{""label"": ""background""}"
1773,background,background,background,"{""label"": ""background""}"
1774,method,method,method,"{""label"": ""method""}"
1775,background,background,background,"{""label"": ""background""}"
1776,method,method,method,"{""label"": ""method""}"
1777,background,background,background,"{""label"": ""background""}"
1778,background,background,background,"{""label"": ""background""}"
1779,method,background,background,"{""label"": ""background""}"
1780,method,method,method,"{""label"": ""method""}"
1781,background,background,background,"{""label"": ""background""}"
1782,background,background,background,"{""label"": ""background""}"
1783,method,background,background,"{""label"": ""background""}"
1784,method,method,method,"{""label"": ""method""}"
1785,method,background,background,"{""label"": ""background""}"
1786,method,result,result,"{""label"": ""result""}"
1787,method,method,method,"{""label"": ""method""}"
1788,result,result,result,"{""label"": ""result""}"
1789,background,background,background,"{""label"": ""background""}"
1790,background,background,background,"{""label"": ""background""}"
1791,background,background,background,"{""label"": ""background""}"
1792,background,background,background,"{""label"": ""background""}"
1793,method,method,method,"{""label"": ""method""}"
1794,method,method,method,"{""label"": ""method""}"
1795,background,result,result,"{""label"": ""result""}"
1796,background,background,background,"{""label"": ""background""}"
1797,result,background,background,"{""label"": ""background""}"
1798,method,background,background,"{""label"": ""background""}"
1799,method,method,method,"{""label"": ""method""}"
1800,background,background,background,"{""label"": ""background""}"
1801,result,background,background,"{""label"": ""background""}"
1802,background,result,result,"{""label"": ""result""}"
1803,method,method,method,"{""label"": ""method""}"
1804,background,result,result,"{""label"": ""result""}"
1805,result,result,result,"{""label"": ""result""}"
1806,result,result,result,"{""label"": ""result""}"
1807,background,background,background,"{""label"": ""background""}"
1808,background,background,background,"{""label"": ""background""}"
1809,method,method,method,"{""label"": ""method""}"
1810,background,background,background,"{""label"": ""background""}"
1811,method,method,method,"{""label"": ""method""}"
1812,background,background,background,"{""label"": ""background""}"
1813,method,method,method,"{""label"": ""method""}"
1814,result,result,result,"{""label"": ""result""}"
1815,background,result,result,"{""label"": ""result""}"
1816,result,result,result,"{""label"": ""result""}"
1817,method,method,method,"{""label"": ""method""}"
1818,method,method,method,"{""label"": ""method""}"
1819,result,result,result,"{""label"": ""result""}"
1820,method,background,background,"{""label"": ""background""}"
1821,background,result,result,"{""label"": ""result""}"
1822,background,background,background,"{""label"": ""background""}"
1823,background,background,background,"{""label"": ""background""}"
1824,background,background,background,"{""label"": ""background""}"
1825,background,method,method,"{""label"": ""method""}"
1826,background,background,background,"{""label"": ""background""}"
1827,result,result,result,"{""label"": ""result""}"
1828,background,background,background,"{""label"": ""background""}"
1829,method,method,method,"{""label"": ""method""}"
1830,background,background,background,"{""label"": ""background""}"
1831,background,background,background,"{""label"": ""background""}"
1832,background,background,background,"{""label"": ""background""}"
1833,result,background,background,"{""label"": ""background""}"
1834,background,background,background,"{""label"": ""background""}"
1835,method,method,method,"{""label"": ""method""}"
1836,result,result,result,"{""label"": ""result""}"
1837,background,background,background,"{""label"": ""background""}"
1838,method,method,method,"{""label"": ""method""}"
1839,result,background,background,"{""label"": ""background""}"
1840,background,background,background,"{""label"": ""background""}"
1841,background,background,background,"{""label"": ""background""}"
1842,background,background,background,"{""label"": ""background""}"
1843,background,result,result,"{""label"": ""result""}"
1844,background,result,result,"{""label"": ""result""}"
1845,background,background,background,"{""label"": ""background""}"
1846,method,method,method,"{""label"": ""method""}"
1847,background,background,background,"{""label"": ""background""}"
1848,background,background,background,"{""label"": ""background""}"
1849,background,background,background,"{""label"": ""background""}"
1850,background,background,background,"{""label"": ""background""}"
1851,background,background,background,"{""label"": ""background""}"
1852,method,background,background,"{""label"": ""background""}"
1853,background,background,background,"{""label"": ""background""}"
1854,background,background,background,"{""label"": ""background""}"
1855,background,background,background,"{""label"": ""background""}"
1856,result,result,result,"{""label"": ""result""}"
1857,background,background,background,"{""label"": ""background""}"
1858,method,method,method,"{""label"": ""method""}"
1859,background,background,background,"{""label"": ""background""}"
1860,method,method,method,"{""label"": ""method""}"
