Variant,Edge weight,Spearman with Full model v2,Kendall with Full model v2,Top-5 overlap,Top-10 overlap,Mean rank change,Max rank change
Structure only,1,0.9403518958205891,0.8243292907019478,4,5,7.352380952380952,34.0
Semantic only,q_ij,0.996827338800817,0.9709665564130834,5,9,1.1428571428571428,12.0
Semantic + temporal,q_ij * tau_ij,0.997231697581105,0.9794193311282616,5,9,0.9333333333333333,11.0
Semantic + relation,q_ij * rho_ij,0.9986002965297721,0.9808893789048143,5,10,0.819047619047619,9.0
Full model,q_ij * tau_ij * rho_ij,1.0,1.0,5,10,0.0,0.0
