Variant,Setting,Spearman with Full model v2,Kendall with Full model v2,Top-5 overlap,Top-10 overlap,Mean rank change,Max rank change
Confidence-aware,epsilon=0.3,0.9998755819137575,0.9977949283351707,5,10,0.11428571428571428,4.0
Confidence-aware,epsilon=0.5,0.9998755819137575,0.9977949283351707,5,10,0.11428571428571428,4.0
Confidence-aware,epsilon=0.7,0.9999585273045858,0.9988974641675854,5,10,0.05714285714285714,2.0
