Method,Spearman,Kendall,NDCG@10,Precision@10,Top-10 overlap
Citation Count,0.20390002308279814,0.20041341058558818,0.30062862415845965,0.4,4
Unweighted PageRank,-0.1360044594452708,-0.10173471590443817,0.22808370352803062,0.3,3
Time-aware PageRank,-0.10795771330762083,-0.0693645790257533,0.22989683932510943,0.3,3
Semantic-weighted PageRank,-0.08706301491872633,-0.05561996781551493,0.22989683932510943,0.3,3
Semantic-temporal PageRank,-0.08127365842796704,-0.04634997317959578,0.2288362547613583,0.3,3
Full model,-0.08394566911600979,-0.05561996781551493,0.22989683932510943,0.3,3
