section,edge_count,mean_q,mean_sentiment,mean_relevance,mean_confidence
Method,74,0.5286976351351352,0.5648648648648649,0.7783783783783784,0.8856756756756757
Discussion,24,0.33022244791666666,0.4979166666666666,0.7687499999999999,0.8791666666666668
Introduction,21,0.1311154761904762,0.3404761904761905,0.5357142857142857,0.7952380952380952
Related Work,2,0.06400000000000002,0.0,0.8,0.9
Result,2,0.29212499999999997,0.325,0.6499999999999999,0.8500000000000001
