Method,Spearman,Kendall,NDCG@10,Precision@10,Top-10 overlap
Citation Count,0.20390002308279814,0.20041341058558818,0.276238258301777,0.4,4
Unweighted PageRank,-0.09080793243310965,-0.07159429720867967,0.1753825984053472,0.3,3
Time-aware PageRank,0.10371690322016937,0.06697531029199066,0.4977144646820242,0.4,4
Semantic-weighted PageRank final,0.12819943402321363,0.10392720562550276,0.4652713494762924,0.4,4
Semantic-temporal PageRank final,0.1293122763324429,0.09007024487543572,0.4977144646820242,0.4,4
Full model final,0.13554419326412692,0.09930821870881373,0.49024252804444407,0.4,4
