Method,Spearman,Kendall,NDCG@10,Precision@10,Top-10 overlap
Citation Count,0.20390002308279814,0.20041341058558818,0.276238258301777,0.4,4
Unweighted PageRank,-0.09080793243310965,-0.07159429720867967,0.1753825984053472,0.3,3
Time-aware PageRank,0.10371690322016937,0.06697531029199066,0.4977144646820242,0.4,4
Semantic-weighted PageRank v2,0.09080793243310965,0.05773733645861264,0.4652713494762924,0.4,4
Semantic-temporal PageRank v2,0.08858224781465109,0.05773733645861264,0.4977144646820242,0.4,4
Full model v2,0.11974183247307106,0.07621328412536868,0.4891228553653863,0.4,4
