Method,Spearman,Kendall,NDCG@10,Precision@10,Top-10 overlap
Citation Count,0.10948435918379656,0.11918282365569903,0.2892156016473787,0.4,4
Unweighted PageRank,-0.05912058180082255,-0.056720141762360725,0.2031804962431223,0.4,4
Time-aware PageRank,0.1579012205596969,0.0863132592035924,0.5230668958924958,0.5,5
Semantic-weighted PageRank final,0.1815494532800259,0.12577074912523464,0.5158582215661492,0.5,5
Semantic-temporal PageRank final,0.16898632964735114,0.10604200416441352,0.5227693493562976,0.5,5
Full model final,0.17071067994987513,0.1109741904046188,0.5158472013240679,0.5,5
