Method,Spearman,Kendall,NDCG@10,Precision@10,Top-10 overlap
Citation Count,0.10948435918379656,0.11918282365569903,0.2892156016473787,0.4,4
Unweighted PageRank,-0.05912058180082255,-0.056720141762360725,0.2031804962431223,0.4,4
Time-aware PageRank,0.1579012205596969,0.0863132592035924,0.5230668958924958,0.5,5
Semantic-weighted PageRank v2,0.17711540964496422,0.10604200416441352,0.5158582215661492,0.5,5
Semantic-temporal PageRank v2,0.1507574835920975,0.0863132592035924,0.5158472013240679,0.5,5
Full model v2,0.16282793570976542,0.10110981792420824,0.5158472013240679,0.5,5
