Variant,Setting,Spearman with Full model v2,Kendall with Full model v2,Top-5 overlap,Top-10 overlap,Mean rank change,Max rank change
Confidence-aware,epsilon=0.3,0.9999170546091716,0.9977949283351707,5,10,0.11428571428571428,2.0
Confidence-aware,epsilon=0.5,0.9999377909568787,0.9981624402793089,5,10,0.09523809523809523,2.0
Confidence-aware,epsilon=0.7,0.9999792636522928,0.9992649761117236,5,10,0.0380952380952381,1.0
