Method,Spearman,Kendall,NDCG@10,Precision@10,Top-10 overlap
Citation Count,0.20390002308279814,0.20041341058558818,0.276238258301777,0.4,4
Unweighted PageRank,-0.09080793243310965,-0.07159429720867967,0.1753825984053472,0.3,3
Time-aware PageRank,0.10371690322016937,0.06697531029199066,0.4977144646820242,0.4,4
Semantic-weighted PageRank v2,0.0843534470395798,0.05773733645861264,0.4977144646820242,0.4,4
Semantic-temporal PageRank v2,0.07545070856574551,0.030023414958478573,0.4967786021155989,0.4,4
Full model v2,0.08257289934481293,0.04388037570854561,0.49024252804444407,0.4,4
