Method,Spearman,Kendall,NDCG@10,Precision@10,Top-10 overlap
Citation Count,0.10948435918379656,0.11918282365569903,0.2892156016473787,0.4,4
Unweighted PageRank,-0.05912058180082255,-0.056720141762360725,0.2031804962431223,0.4,4
Time-aware PageRank,0.1579012205596969,0.0863132592035924,0.5230668958924958,0.5,5
Semantic-weighted PageRank v2,0.13228230177934044,0.0863132592035924,0.5233331323552739,0.5,5
Semantic-temporal PageRank v2,0.1229215429942102,0.061652328002566,0.5214694771158274,0.5,5
Full model v2,0.12587757208425135,0.07151670048297656,0.5158472013240679,0.5,5
