Variant,Edge weight,Spearman with Full model v2,Kendall with Full model v2,Top-5 overlap,Top-10 overlap,Mean rank change,Max rank change
Structure only,1,0.9385270972223662,0.821021683204704,4,5,7.466666666666667,36.0
Semantic only,q_ij,0.996713288888428,0.9720690922454979,5,10,1.180952380952381,13.0
Semantic + temporal,q_ij * tau_ij,0.9967962342792565,0.9775817714075706,5,10,1.0285714285714285,11.0
Semantic + relation,q_ij * rho_ij,0.9988387645284036,0.9819919147372289,5,10,0.780952380952381,8.0
Full model,q_ij * tau_ij * rho_ij,1.0,1.0,5,10,0.0,0.0
