Variant,Edge weight,Spearman with Full model v2,Kendall with Full model v2,Top-5 overlap,Top-10 overlap,Mean rank change,Max rank change
Structure only,1,0.935717322108057,0.8191841234840131,4,5,7.619047619047619,33.0
Semantic only,q_ij,0.9969206523654988,0.9724366041896361,5,10,1.161904761904762,14.0
Semantic + temporal,q_ij * tau_ij,0.997884892533878,0.9797868430723997,5,10,0.8761904761904762,9.0
Semantic + relation,q_ij * rho_ij,0.9990357598316207,0.984196986402058,5,10,0.6857142857142857,6.0
Full model,q_ij * tau_ij * rho_ij,1.0,1.0,5,10,0.0,0.0
